
== Entorno E2E aislado 20260806065402-6857 ==
Base: controllocal_e2e_20260806065402_6857
 Network controllocal-e2e-20260806065402-6857_default Creating 
 Network controllocal-e2e-20260806065402-6857_default Created 
 Container controllocal-postgres-e2e-20260806065402-6857 Creating 
 Container controllocal-postgres-e2e-20260806065402-6857 Created 
 Container controllocal-api-e2e-20260806065402-6857 Creating 
 Container controllocal-api-e2e-20260806065402-6857 Created 
 Container controllocal-postgres-e2e-20260806065402-6857 Starting 
 Container controllocal-postgres-e2e-20260806065402-6857 Started 
 Container controllocal-postgres-e2e-20260806065402-6857 Waiting 
 Container controllocal-postgres-e2e-20260806065402-6857 Healthy 
 Container controllocal-api-e2e-20260806065402-6857 Starting 
 Container controllocal-api-e2e-20260806065402-6857 Started 
 Container controllocal-postgres-e2e-20260806065402-6857 Waiting 
 Container controllocal-api-e2e-20260806065402-6857 Waiting 
 Container controllocal-api-e2e-20260806065402-6857 Healthy 
 Container controllocal-postgres-e2e-20260806065402-6857 Healthy 

== Suite locales-listado / corrida 20260806065402-6857 ==

== 1. Fixture de mas de 1.000 filas y segundo tenant ==
  OK   hay propietario base para el fixture
  OK   fixture del tenant principal tiene 1.005 locales
  OK   fixture homonimo del segundo tenant tiene 7 locales

== 2. Pagina, filtro y orden estables ==
  OK   el conteo excluye las 7 filas del otro tenant
  OK   solo descarga la pagina visible
  OK   conserva page/pageSize del contrato
  OK   el orden por id es total y determinista
  OK   la pagina 51 contiene las 5 filas restantes
  OK   el total no depende de la pagina
  OK   una pagina fuera de rango es vacia, no un error

== 3. Estado y KPI calculados en PostgreSQL ==
  OK   el filtro de estado cuenta todas las coincidencias
  OK   todas las filas de la pagina respetan estado=N
  OK   resumen total completo
  OK   resumen disponibles
  OK   resumen no disponibles
  OK   resumen inactivos
  OK   las partes del KPI suman el total

== 4. Indices del camino caliente ==
  OK   los 6 indices del listado siguen instalados (V11 + V22)

== Limpieza del fixture ==

===== 18 OK / 0 FALLAS =====
 Container controllocal-api-e2e-20260806065402-6857 Stopping 
 Container controllocal-api-e2e-20260806065402-6857 Stopped 
 Container controllocal-api-e2e-20260806065402-6857 Removing 
 Container controllocal-api-e2e-20260806065402-6857 Removed 
 Container controllocal-postgres-e2e-20260806065402-6857 Stopping 
 Container controllocal-postgres-e2e-20260806065402-6857 Stopped 
 Container controllocal-postgres-e2e-20260806065402-6857 Removing 
 Container controllocal-postgres-e2e-20260806065402-6857 Removed 
 Network controllocal-e2e-20260806065402-6857_default Removing 
 Network controllocal-e2e-20260806065402-6857_default Removed 
Base controllocal_e2e_20260806065402_6857 y su entorno eliminados en 2.0 s.
Entorno 20260806065402-6857 eliminado: sin contenedores, volumenes ni red residuales.

== Entorno E2E aislado 20260806065512-8992 ==
Base: controllocal_e2e_20260806065512_8992
 Network controllocal-e2e-20260806065512-8992_default Creating 
 Network controllocal-e2e-20260806065512-8992_default Created 
 Container controllocal-postgres-e2e-20260806065512-8992 Creating 
 Container controllocal-postgres-e2e-20260806065512-8992 Created 
 Container controllocal-api-e2e-20260806065512-8992 Creating 
 Container controllocal-api-e2e-20260806065512-8992 Created 
 Container controllocal-postgres-e2e-20260806065512-8992 Starting 
 Container controllocal-postgres-e2e-20260806065512-8992 Started 
 Container controllocal-postgres-e2e-20260806065512-8992 Waiting 
 Container controllocal-postgres-e2e-20260806065512-8992 Healthy 
 Container controllocal-api-e2e-20260806065512-8992 Starting 
 Container controllocal-api-e2e-20260806065512-8992 Started 
 Container controllocal-api-e2e-20260806065512-8992 Waiting 
 Container controllocal-postgres-e2e-20260806065512-8992 Waiting 
 Container controllocal-api-e2e-20260806065512-8992 Healthy 
 Container controllocal-postgres-e2e-20260806065512-8992 Healthy 

== Suite locales-busqueda / corrida 20260806065512-8992 ==

== 1. Login ==
  OK   login del administrador

== 2. Banco de 100000 locales ==
  OK   el banco tiene 100000 locales

== 3. Semantica: el conjunto de candidatos devuelve lo que debe ==
  OK   el RUBRO entra en la busqueda (ampliacion de 2026-08-01)
  OK   las filas del rubro traen el rubro buscado
  OK   el testigo HITO casa solo con los suyos
  OK   sin duplicados: tantos ids distintos como filas
  OK   un texto sin coincidencias devuelve vacio y total 0
  OK   casar por varias ramas no duplica la fila

== 4. El conteo y la pagina miran el mismo conjunto ==
  OK   paginar el conjunto entero devuelve exactamente el total
  OK   la pagina siguiente a la ultima viaja vacia y conserva el total
  OK   las paginas no repiten filas
  OK   el orden es por id y es estable entre paginas
  OK   el KPI del resumen suma exactamente el total de la lista
  OK   el desglose del resumen coincide con el filtro de la lista

== 5. Rendimiento del texto libre (RC-003) ==

Escenario                p50 p95 Peor Frio   Casa
---------                --- --- ---- ----   ----
casa con TODO            274 478  576  258 100000
casa con TODO - profunda 750 810  886  782 100000
medianamente selectivo   523 860  913  828  16667
~20 coincidencias         43  46   47   43     20
sin coincidencias         59  68   69   58      0
por rubro                 55  61   62   54    100
por propietario          160 191  192  204 100001
texto + estado            40  43   45   40    500



  OK   p95 del texto libre en pagina 1 <= 1000 ms
  OK   peor observado en regimen < 2000 ms
  OK   limite absoluto RC-003 < 3000 ms
  OK   la llamada en frio tambien respeta RC-003 (< 3000 ms)

== 6. Sin texto no se degrada ==

Escenario                   p50 p95 Peor Frio   Casa
---------                   --- --- ---- ----   ----
sin texto - pagina 1         63 139  144   87 100002
sin texto - pagina profunda 329 703  713  197 100002



  OK   el listado sin texto sigue por debajo del objetivo
  OK   en la pagina profunda la busqueda no anade mas del 30% sobre el OFFSET

== Limpieza: la base exclusiva de la corrida se elimina entera ==
  OK   el banco vive en la base efimera de la corrida (se elimina entera)

===== 21 OK / 0 FALLAS =====
 Container controllocal-api-e2e-20260806065512-8992 Stopping 
 Container controllocal-api-e2e-20260806065512-8992 Stopped 
 Container controllocal-api-e2e-20260806065512-8992 Removing 
 Container controllocal-api-e2e-20260806065512-8992 Removed 
 Container controllocal-postgres-e2e-20260806065512-8992 Stopping 
 Container controllocal-postgres-e2e-20260806065512-8992 Stopped 
 Container controllocal-postgres-e2e-20260806065512-8992 Removing 
 Container controllocal-postgres-e2e-20260806065512-8992 Removed 
 Network controllocal-e2e-20260806065512-8992_default Removing 
 Network controllocal-e2e-20260806065512-8992_default Removed 
Base controllocal_e2e_20260806065512_8992 y su entorno eliminados en 2.4 s.
Entorno 20260806065512-8992 eliminado: sin contenedores, volumenes ni red residuales.

== Entorno E2E aislado 20260806065753-2606 ==
Base: controllocal_e2e_20260806065753_2606
 Network controllocal-e2e-20260806065753-2606_default Creating 
 Network controllocal-e2e-20260806065753-2606_default Created 
 Container controllocal-postgres-e2e-20260806065753-2606 Creating 
 Container controllocal-postgres-e2e-20260806065753-2606 Created 
 Container controllocal-api-e2e-20260806065753-2606 Creating 
 Container controllocal-api-e2e-20260806065753-2606 Created 
 Container controllocal-postgres-e2e-20260806065753-2606 Starting 
 Container controllocal-postgres-e2e-20260806065753-2606 Started 
 Container controllocal-postgres-e2e-20260806065753-2606 Waiting 
 Container controllocal-postgres-e2e-20260806065753-2606 Healthy 
 Container controllocal-api-e2e-20260806065753-2606 Starting 
 Container controllocal-api-e2e-20260806065753-2606 Started 
 Container controllocal-api-e2e-20260806065753-2606 Waiting 
 Container controllocal-postgres-e2e-20260806065753-2606 Waiting 
 Container controllocal-api-e2e-20260806065753-2606 Healthy 
 Container controllocal-postgres-e2e-20260806065753-2606 Healthy 

== Suite demanda-busqueda / corrida 20260806065753-2606 ==

== 1. Login ==
  OK   login del administrador

== 2. Banco de 100000 filas por tabla ==
  OK   el seed aporta agente y propietario para colgar el banco
  OK   el banco tiene 100000 oportunidades
  OK   el banco tiene 100000 visitas
  OK   el banco tiene 100000 interacciones

== 3. Semantica: cada rama casa lo suyo y no duplica ==
  OK   rama direccion: el testigo HITO casa y no duplica
  OK   rama codigo de oportunidad: HITOOP casa 20
  OK   rama codigo de captacion: HITOCAP casa 20
  OK   rama nombre del cliente: HITOCLI casa solo sus oportunidades
  OK   un texto sin coincidencias devuelve vacio y total 0
  OK   visitas, rama direccion: el testigo casa y no duplica
  OK   visitas, rama distrito: casa el sexto de la cartera
  OK   interacciones, rama observaciones: HITOOBS casa los suyos
  OK   interacciones, rama codigo de captacion
  OK   interacciones, rama codigo de prospeccion
  OK   interacciones, rama nombre del cliente

== 4. Conteo y pagina miran el mismo conjunto ==
  OK   paginar el conjunto entero devuelve exactamente el total
  OK   las paginas no repiten filas
  OK   el orden es estable y descendente entre paginas
  OK   la pagina posterior a la ultima viaja vacia y conserva el total

== 5. El KPI sale del MISMO conjunto que la lista ==
  OK   resumen de oportunidades: el total cuadra con la lista
  OK   resumen de oportunidades: los cubos suman el total
  OK   el cubo de abiertas coincide con el filtro de la lista
  OK   resumen de visitas: el total cuadra con la lista
  OK   resumen de visitas: los cubos suman el total
  OK   el cubo de programadas coincide con el filtro de la lista

== 6. Rendimiento del texto libre ==

Escenario                Modulo Termino      p50  p95 Peor Frio   Casa
---------                ------ -------      ---  --- ---- ----   ----
OPO casa con TODO        OPO    Avenida      868  979 1106  545 100000
OPO casa TODO - profunda OPO    Avenida      484  519  539  787 100000
OPO medianam. selectivo  OPO    OPD-00001     66  143  148   63    100
OPO ~20 coincidencias    OPO    HITOOP        54   77   79   52     20
OPO por cliente          OPO    HITOCLI       58   66   86   68    502
OPO sin coincidencias    OPO    ZZZNOEXISTE   29   35   41   34      0
OPO texto + estado       OPO    Avenida      302  632  816  345  20000
VIS casa con TODO        VIS    Avenida     1196 1327 1336 1238 100000
VIS casa TODO - profunda VIS    Avenida      759 1317 1409 1174 100000
VIS por distrito         VIS    Barranco     431  467  642  464  16667
VIS ~20 coincidencias    VIS    HITO          43   51   51   44     20
VIS texto + estado       VIS    Avenida      440  539  607  272  20000
INT casa con TODO        INT    Contacto     704  808  922  737 100000
INT casa TODO - profunda INT    Contacto     678  754  759  894 100000
INT ~20 coincidencias    INT    HITOOBS       99  111  115   60     20
INT por captacion        INT    HITOCAP       93  101  101   93      5
INT por cliente          INT    HITOCLI       83   89   91   98    126
INT texto + canal        INT    Contacto     131  227  249  226  14285




== 7. Sin texto: la referencia de cada bandeja ==

Escenario                Modulo Termino  p50  p95 Peor Frio   Casa
---------                ------ -------  ---  --- ---- ----   ----
OPO sin texto - pagina 1 OPO             224  404  607   95 100001
OPO sin texto - profunda OPO             826  984 1015  543 100001
VIS sin texto - pagina 1 VIS             674  783  804  295 100001
VIS sin texto - profunda VIS            1081 1735 1788 1048 100001
INT sin texto - pagina 1 INT             101  171  189  109 100001
INT sin texto - profunda INT             474  512  532  199 100001



  OK   OPO casa con TODO: el termino 'Avenida' tiene su medida aislada
  OK   OPO casa TODO - profunda: el termino 'Avenida' tiene su medida aislada
  OK   OPO medianam. selectivo: el termino 'OPD-00001' tiene su medida aislada
  OK   OPO ~20 coincidencias: el termino 'HITOOP' tiene su medida aislada
  OK   OPO por cliente: el termino 'HITOCLI' tiene su medida aislada
  OK   OPO sin coincidencias: el termino 'ZZZNOEXISTE' tiene su medida aislada
  OK   OPO texto + estado: el termino 'Avenida' tiene su medida aislada
  OK   VIS casa con TODO: el termino 'Avenida' tiene su medida aislada
  OK   VIS casa TODO - profunda: el termino 'Avenida' tiene su medida aislada
  OK   VIS por distrito: el termino 'Barranco' tiene su medida aislada
  OK   VIS ~20 coincidencias: el termino 'HITO' tiene su medida aislada
  OK   VIS texto + estado: el termino 'Avenida' tiene su medida aislada
  OK   INT casa con TODO: el termino 'Contacto' tiene su medida aislada
  OK   INT casa TODO - profunda: el termino 'Contacto' tiene su medida aislada
  OK   INT ~20 coincidencias: el termino 'HITOOBS' tiene su medida aislada
  OK   INT por captacion: el termino 'HITOCAP' tiene su medida aislada
  OK   INT por cliente: el termino 'HITOCLI' tiene su medida aislada
  OK   INT texto + canal: el termino 'Contacto' tiene su medida aislada

== 8. Criterio 1: busqueda DISCRIMINANTE ==
   (9 escenarios; el termino acota de verdad el conjunto)
  OK   p95 de la busqueda discriminante < 1000 ms
  OK   peor observado de la busqueda discriminante < 2000 ms

== 9. Criterio 2: busqueda NO DISCRIMINANTE ==
   (9 escenarios con >= 90000 coincidencias)
  OK   OPO casa con TODO: bajo RC-003 (< 3000 ms)
  OK   OPO casa TODO - profunda: bajo RC-003 (< 3000 ms)
  OK   OPO texto + estado: bajo RC-003 (< 3000 ms)
  OK   VIS casa con TODO: bajo RC-003 (< 3000 ms)
  OK   VIS casa TODO - profunda: bajo RC-003 (< 3000 ms)
  OK   VIS texto + estado: bajo RC-003 (< 3000 ms)
  OK   INT casa con TODO: bajo RC-003 (< 3000 ms)
  OK   INT casa TODO - profunda: bajo RC-003 (< 3000 ms)
  OK   INT texto + canal: bajo RC-003 (< 3000 ms)

   Evidencia (NO es umbral): las dos profundidades de cada modulo

Modulo Profundidad ConTexto SinTexto Razon Lectura                 
------ ----------- -------- -------- ----- -------                 
OPO    pagina 1         979      404  2.42 la busqueda cuesta MAS  
OPO    profunda         519      984  0.53 la busqueda cuesta MENOS
OPO    pagina 1         632      404  1.56 la busqueda cuesta MAS  
VIS    pagina 1        1327      783  1.69 la busqueda cuesta MAS  
VIS    profunda        1317     1735  0.76 la busqueda cuesta MENOS
VIS    pagina 1         539      783  0.69 la busqueda cuesta MENOS
INT    pagina 1         808      171  4.73 la busqueda cuesta MAS  
INT    profunda         754      512  1.47 la busqueda cuesta MAS  
INT    pagina 1         227      171  1.33 la busqueda cuesta MAS  



  OK   OPO : el criterio 2 registra las dos profundidades
  OK   VIS : el criterio 2 registra las dos profundidades
  OK   INT : el criterio 2 registra las dos profundidades

== 10. Criterio 3: paginacion PROFUNDA ==
  OK   la paginacion profunda se mantiene bajo RC-003 (< 3000 ms)
        pendiente registrado: sustituir OFFSET por paginacion por cursor/keyset.
  OK   la llamada en frio respeta RC-003 (< 3000 ms)

== 11. Planes: cada rama entra por su indice, ninguna tabla se recorre entera ==
Aggregate  (cost=661.23..661.24 rows=1 width=8) (actual time=0.994..1.000 rows=1 loops=1)
  Buffers: shared hit=95
  ->  HashAggregate  (cost=650.56..655.30 rows=474 width=8) (actual time=0.980..0.993 rows=20 loops=1)
        Group Key: o.id_oportunidad
        Batches: 1  Memory Usage: 49kB
        Buffers: shared hit=95
        ->  Append  (cost=39.20..649.38 rows=474 width=8) (actual time=0.240..0.949 rows=20 loops=1)
              Buffers: shared hit=95
              ->  Nested Loop  (cost=39.20..123.76 rows=10 width=8) (actual time=0.240..0.657 rows=20 loops=1)
                    Buffers: shared hit=70
                    ->  Bitmap Heap Scan on oportunidad_comercial o  (cost=38.91..76.66 rows=10 width=16) (actual time=0.202..0.410 rows=20 loops=1)
                          Recheck Cond: (lower((codigo_oportunidad)::text) ~~ '%hitoop%'::text)
                          Filter: (organizacion_id = 1)
                          Heap Blocks: exact=20
                          Buffers: shared hit=29
                          ->  Bitmap Index Scan on ix_oportunidad_codigo_trgm  (cost=0.00..38.91 rows=10 width=0) (actual time=0.084..0.084 rows=20 loops=1)
                                Index Cond: (lower((codigo_oportunidad)::text) ~~ '%hitoop%'::text)
                                Buffers: shared hit=9
                    ->  Index Only Scan using captacion_pkey on captacion cap  (cost=0.29..4.71 rows=1 width=8) (actual time=0.011..0.011 rows=1 loops=20)
                          Index Cond: (id_captacion = o.id_captacion)
                          Heap Fetches: 0
                          Buffers: shared hit=41
              ->  Nested Loop  (cost=39.20..159.77 rows=10 width=8) (actual time=0.028..0.029 rows=0 loops=1)
                    Buffers: shared hit=9
                    ->  Bitmap Heap Scan on captacion cap_1  (cost=38.91..76.55 rows=10 width=8) (actual time=0.028..0.028 rows=0 loops=1)
                          Recheck Cond: (lower((codigo_captacion)::text) ~~ '%hitoop%'::text)
                          Buffers: shared hit=9
                          ->  Bitmap Index Scan on ix_captacion_codigo_trgm  (cost=0.00..38.91 rows=10 width=0) (actual time=0.020..0.020 rows=0 loops=1)
                                Index Cond: (lower((codigo_captacion)::text) ~~ '%hitoop%'::text)
                                Buffers: shared hit=9
                    ->  Index Scan using ix_oportunidad_captacion on oportunidad_comercial o_1  (cost=0.29..8.31 rows=1 width=16) (never executed)
                          Index Cond: (id_captacion = cap_1.id_captacion)
                          Filter: (organizacion_id = 1)
              ->  Nested Loop  (cost=39.49..164.03 rows=10 width=8) (actual time=0.026..0.027 rows=0 loops=1)
                    Buffers: shared hit=9
                    ->  Nested Loop  (cost=39.20..160.08 rows=10 width=8) (actual time=0.025..0.026 rows=0 loops=1)
                          Buffers: shared hit=9
                          ->  Bitmap Heap Scan on propiedad prop  (cost=38.91..76.88 rows=10 width=8) (actual time=0.025..0.025 rows=0 loops=1)
                                Recheck Cond: (lower((direccion)::text) ~~ '%hitoop%'::text)
                                Buffers: shared hit=9
                                ->  Bitmap Index Scan on ix_propiedad_direccion_trgm  (cost=0.00..38.91 rows=10 width=0) (actual time=0.023..0.023 rows=0 loops=1)
                                      Index Cond: (lower((direccion)::text) ~~ '%hitoop%'::text)
                                      Buffers: shared hit=9
                          ->  Index Scan using ix_captacion_propiedad on captacion cap_2  (cost=0.29..8.31 rows=1 width=16) (never executed)
                                Index Cond: (id_propiedad = prop.id_propiedad)
                    ->  Index Scan using ix_oportunidad_captacion on oportunidad_comercial o_2  (cost=0.29..0.39 rows=1 width=16) (never executed)
                          Index Cond: (id_captacion = cap_2.id_captacion)
                          Filter: (organizacion_id = 1)
              ->  Nested Loop  (cost=8.97..199.44 rows=444 width=8) (actual time=0.227..0.229 rows=0 loops=1)
                    Buffers: shared hit=7
                    ->  Nested Loop  (cost=8.68..56.86 rows=444 width=16) (actual time=0.227..0.228 rows=0 loops=1)
                          Buffers: shared hit=7
                          ->  Hash Join  (cost=8.39..14.52 rows=1 width=8) (actual time=0.226..0.228 rows=0 loops=1)
                                Hash Cond: (prcli.id_persona = percli.id_persona)
                                Buffers: shared hit=7
                                ->  Seq Scan on persona_rol prcli  (cost=0.00..5.47 rows=247 width=16) (actual time=0.011..0.011 rows=1 loops=1)
                                      Buffers: shared hit=2
                                ->  Hash  (cost=8.38..8.38 rows=1 width=8) (actual time=0.187..0.187 rows=0 loops=1)
                                      Buckets: 1024  Batches: 1  Memory Usage: 8kB
                                      Buffers: shared hit=5
                                      ->  Seq Scan on persona percli  (cost=0.00..8.38 rows=1 width=8) (actual time=0.186..0.186 rows=0 loops=1)
                                            Filter: (lower((nombres_o_razon_social)::text) ~~ '%hitoop%'::text)
                                            Rows Removed by Filter: 225
                                            Buffers: shared hit=5
                          ->  Index Scan using ix_oportunidad_cliente on oportunidad_comercial o_3  (cost=0.29..37.32 rows=503 width=24) (never executed)
                                Index Cond: (id_rol_cliente = prcli.id_persona_rol)
                                Filter: (organizacion_id = 1)
                    ->  Index Only Scan using captacion_pkey on captacion cap_3  (cost=0.29..0.32 rows=1 width=8) (never executed)
                          Index Cond: (id_captacion = o_3.id_captacion)
                          Heap Fetches: 0
Planning:
  Buffers: shared hit=976
Planning Time: 22.385 ms
Execution Time: 1.978 ms
  OK   plan de oportunidades: cada rama grande entra por su trigrama
  OK   plan de oportunidades: sin Seq Scan de las tablas grandes
Aggregate  (cost=633.15..633.16 rows=1 width=8) (actual time=1.024..1.030 rows=1 loops=1)
  Buffers: shared hit=63
  ->  Unique  (cost=630.70..631.40 rows=140 width=8) (actual time=1.012..1.023 rows=20 loops=1)
        Buffers: shared hit=63
        ->  Sort  (cost=630.70..631.05 rows=140 width=8) (actual time=1.011..1.017 rows=20 loops=1)
              Sort Key: i.id_interaccion
              Sort Method: quicksort  Memory: 25kB
              Buffers: shared hit=63
              ->  Append  (cost=51.72..625.71 rows=140 width=8) (actual time=0.228..0.964 rows=20 loops=1)
                    Buffers: shared hit=60
                    ->  Bitmap Heap Scan on interaccion_comercial i  (cost=51.72..89.55 rows=10 width=8) (actual time=0.227..0.753 rows=20 loops=1)
                          Recheck Cond: (lower(observaciones) ~~ '%hitoobs%'::text)
                          Filter: (organizacion_id = 1)
                          Heap Blocks: exact=20
                          Buffers: shared hit=31
                          ->  Bitmap Index Scan on ix_interaccion_observaciones_trgm  (cost=0.00..51.71 rows=10 width=0) (actual time=0.194..0.194 rows=20 loops=1)
                                Index Cond: (lower(observaciones) ~~ '%hitoobs%'::text)
                                Buffers: shared hit=11
                    ->  Nested Loop  (cost=51.92..321.37 rows=10 width=8) (actual time=0.031..0.032 rows=0 loops=1)
                          Buffers: shared hit=11
                          ->  Bitmap Heap Scan on prospeccion pro  (cost=47.59..85.14 rows=10 width=8) (actual time=0.030..0.031 rows=0 loops=1)
                                Recheck Cond: (lower((codigo_prospeccion)::text) ~~ '%hitoobs%'::text)
                                Buffers: shared hit=11
                                ->  Bitmap Index Scan on ix_prospeccion_codigo_trgm  (cost=0.00..47.59 rows=10 width=0) (actual time=0.023..0.023 rows=0 loops=1)
                                      Index Cond: (lower((codigo_prospeccion)::text) ~~ '%hitoobs%'::text)
                                      Buffers: shared hit=11
                          ->  Bitmap Heap Scan on interaccion_comercial i_1  (cost=4.33..23.57 rows=5 width=16) (never executed)
                                Recheck Cond: (pro.id_prospeccion = id_prospeccion)
                                Filter: (organizacion_id = 1)
                                ->  Bitmap Index Scan on ix_interaccion_prospeccion  (cost=0.00..4.32 rows=5 width=0) (never executed)
                                      Index Cond: (id_prospeccion = pro.id_prospeccion)
                    ->  Nested Loop  (cost=47.88..168.41 rows=10 width=8) (actual time=0.019..0.019 rows=0 loops=1)
                          Buffers: shared hit=11
                          ->  Bitmap Heap Scan on captacion cap  (cost=47.59..85.23 rows=10 width=8) (actual time=0.018..0.019 rows=0 loops=1)
                                Recheck Cond: (lower((codigo_captacion)::text) ~~ '%hitoobs%'::text)
                                Buffers: shared hit=11
                                ->  Bitmap Index Scan on ix_captacion_codigo_trgm  (cost=0.00..47.59 rows=10 width=0) (actual time=0.015..0.015 rows=0 loops=1)
                                      Index Cond: (lower((codigo_captacion)::text) ~~ '%hitoobs%'::text)
                                      Buffers: shared hit=11
                          ->  Index Scan using ix_interaccion_captacion on interaccion_comercial i_2  (cost=0.29..8.31 rows=1 width=16) (never executed)
                                Index Cond: (id_captacion = cap.id_captacion)
                                Filter: (organizacion_id = 1)
                    ->  Nested Loop  (cost=8.67..45.68 rows=110 width=8) (actual time=0.152..0.153 rows=0 loops=1)
                          Buffers: shared hit=7
                          ->  Hash Join  (cost=8.39..14.52 rows=1 width=8) (actual time=0.152..0.153 rows=0 loops=1)
                                Hash Cond: (prcli.id_persona = percli.id_persona)
                                Buffers: shared hit=7
                                ->  Seq Scan on persona_rol prcli  (cost=0.00..5.47 rows=247 width=16) (actual time=0.008..0.008 rows=1 loops=1)
                                      Buffers: shared hit=2
                                ->  Hash  (cost=8.38..8.38 rows=1 width=8) (actual time=0.118..0.118 rows=0 loops=1)
                                      Buckets: 1024  Batches: 1  Memory Usage: 8kB
                                      Buffers: shared hit=5
                                      ->  Seq Scan on persona percli  (cost=0.00..8.38 rows=1 width=8) (actual time=0.118..0.118 rows=0 loops=1)
                                            Filter: (lower((nombres_o_razon_social)::text) ~~ '%hitoobs%'::text)
                                            Rows Removed by Filter: 225
                                            Buffers: shared hit=5
                          ->  Index Scan using ix_interaccion_cliente on interaccion_comercial i_3  (cost=0.29..29.93 rows=124 width=16) (never executed)
                                Index Cond: (id_rol_cliente = prcli.id_persona_rol)
                                Filter: (organizacion_id = 1)
Planning:
  Buffers: shared hit=851
Planning Time: 10.118 ms
Execution Time: 1.562 ms
  OK   plan de interacciones: entra por los trigramas de observaciones y codigos
  OK   plan de interacciones: sin Seq Scan de las tablas grandes

-- contraste: el OR cruzado sobre el mismo banco --
Finalize Aggregate  (cost=9884.52..9884.53 rows=1 width=8) (actual time=159.492..163.577 rows=1 loops=1)
  Buffers: shared hit=4944
  ->  Gather  (cost=9884.40..9884.51 rows=1 width=8) (actual time=158.631..163.569 rows=2 loops=1)
        Workers Planned: 1
        Workers Launched: 1
        Buffers: shared hit=4944
        ->  Partial Aggregate  (cost=8884.40..8884.41 rows=1 width=8) (actual time=155.130..155.136 rows=1 loops=2)
              Buffers: shared hit=4944
              ->  Hash Join  (cost=5989.72..8884.34 rows=24 width=0) (actual time=47.003..155.123 rows=10 loops=2)
                    Hash Cond: (prcli.id_persona = percli.id_persona)
                    Join Filter: ((lower((o.codigo_oportunidad)::text) ~~ '%hitoop%'::text) OR (lower((cap.codigo_captacion)::text) ~~ '%hitoop%'::text) OR (lower((prop.direccion)::text) ~~ '%hitoop%'::text) OR (lower((percli.nombres_o_razon_social)::text) ~~ '%hitoop%'::text))
                    Rows Removed by Join Filter: 49990
                    Buffers: shared hit=4944
                    ->  Hash Join  (cost=5979.66..8719.87 rows=58824 width=54) (actual time=36.203..86.326 rows=50000 loops=2)
                          Hash Cond: (o.id_rol_cliente = prcli.id_persona_rol)
                          Buffers: shared hit=4869
                          ->  Parallel Hash Join  (cost=5971.10..8554.25 rows=58824 width=54) (actual time=36.116..77.695 rows=50000 loops=2)
                                Hash Cond: (cap.id_propiedad = prop.id_propiedad)
                                Buffers: shared hit=4863
                                ->  Parallel Hash Join  (cost=2752.54..5181.27 rows=58824 width=41) (actual time=18.568..45.056 rows=50000 loops=2)
                                      Hash Cond: (o.id_captacion = cap.id_captacion)
                                      Buffers: shared hit=2968
                                      ->  Parallel Seq Scan on oportunidad_comercial o  (cost=0.00..2274.30 rows=58824 width=28) (actual time=0.006..9.369 rows=50000 loops=2)
                                            Filter: (organizacion_id = 1)
                                            Buffers: shared hit=1539
                                      ->  Parallel Hash  (cost=2017.24..2017.24 rows=58824 width=29) (actual time=18.347..18.348 rows=50000 loops=2)
                                            Buckets: 131072  Batches: 1  Memory Usage: 7328kB
                                            Buffers: shared hit=1429
                                            ->  Parallel Seq Scan on captacion cap  (cost=0.00..2017.24 rows=58824 width=29) (actual time=0.012..6.225 rows=50000 loops=2)
                                                  Buffers: shared hit=1429
                                ->  Parallel Hash  (cost=2483.25..2483.25 rows=58825 width=29) (actual time=16.853..16.853 rows=50001 loops=2)
                                      Buckets: 131072  Batches: 1  Memory Usage: 7328kB
                                      Buffers: shared hit=1895
                                      ->  Parallel Seq Scan on propiedad prop  (cost=0.00..2483.25 rows=58825 width=29) (actual time=0.012..6.599 rows=50001 loops=2)
                                            Buffers: shared hit=1895
                          ->  Hash  (cost=5.47..5.47 rows=247 width=16) (actual time=0.066..0.066 rows=247 loops=2)
                                Buckets: 1024  Batches: 1  Memory Usage: 20kB
                                Buffers: shared hit=6
                                ->  Seq Scan on persona_rol prcli  (cost=0.00..5.47 rows=247 width=16) (actual time=0.008..0.026 rows=247 loops=2)
                                      Buffers: shared hit=6
                    ->  Hash  (cost=7.25..7.25 rows=225 width=27) (actual time=0.100..0.100 rows=225 loops=2)
                          Buckets: 1024  Batches: 1  Memory Usage: 21kB
                          Buffers: shared hit=10
                          ->  Seq Scan on persona percli  (cost=0.00..7.25 rows=225 width=27) (actual time=0.020..0.052 rows=225 loops=2)
                                Buffers: shared hit=10
Planning:
  Buffers: shared hit=1020
Planning Time: 8.365 ms
Execution Time: 163.760 ms
  OK   el OR cruzado SI cae a Seq Scan (justifica la reescritura)

== 12. Guarda estatica: el listado ya no recibe el texto ==
  OK   OportunidadComercialRepository.java: el listado JPQL no recibe texto libre
  OK   VisitaRepository.java: el listado JPQL no recibe texto libre
  OK   InteraccionComercialRepository.java: el listado JPQL no recibe texto libre

== Limpieza: la base exclusiva de la corrida se elimina entera ==
  OK   el banco vive en la base efimera de la corrida (se elimina entera)

===== 69 OK / 0 FALLAS =====
 Container controllocal-api-e2e-20260806065753-2606 Stopping 
 Container controllocal-api-e2e-20260806065753-2606 Stopped 
 Container controllocal-api-e2e-20260806065753-2606 Removing 
 Container controllocal-api-e2e-20260806065753-2606 Removed 
 Container controllocal-postgres-e2e-20260806065753-2606 Stopping 
 Container controllocal-postgres-e2e-20260806065753-2606 Stopped 
 Container controllocal-postgres-e2e-20260806065753-2606 Removing 
 Container controllocal-postgres-e2e-20260806065753-2606 Removed 
 Network controllocal-e2e-20260806065753-2606_default Removing 
 Network controllocal-e2e-20260806065753-2606_default Removed 
Base controllocal_e2e_20260806065753_2606 y su entorno eliminados en 1.7 s.
Entorno 20260806065753-2606 eliminado: sin contenedores, volumenes ni red residuales.

== Entorno E2E aislado 20260806070824-5483 ==
Base: controllocal_e2e_20260806070824_5483
 Network controllocal-e2e-20260806070824-5483_default Creating 
 Network controllocal-e2e-20260806070824-5483_default Created 
 Container controllocal-postgres-e2e-20260806070824-5483 Creating 
 Container controllocal-postgres-e2e-20260806070824-5483 Created 
 Container controllocal-api-e2e-20260806070824-5483 Creating 
 Container controllocal-api-e2e-20260806070824-5483 Created 
 Container controllocal-postgres-e2e-20260806070824-5483 Starting 
 Container controllocal-postgres-e2e-20260806070824-5483 Started 
 Container controllocal-postgres-e2e-20260806070824-5483 Waiting 
 Container controllocal-postgres-e2e-20260806070824-5483 Healthy 
 Container controllocal-api-e2e-20260806070824-5483 Starting 
 Container controllocal-api-e2e-20260806070824-5483 Started 
 Container controllocal-api-e2e-20260806070824-5483 Waiting 
 Container controllocal-postgres-e2e-20260806070824-5483 Waiting 
 Container controllocal-postgres-e2e-20260806070824-5483 Healthy 
 Container controllocal-api-e2e-20260806070824-5483 Healthy 

== Suite solicitudes-busqueda / corrida 20260806070824-5483 ==

== 1. Login ==
  OK   login del administrador

== 2. Banco de 100000 solicitudes ==
  OK   el seed aporta agente y propietario para colgar el banco
  OK   el agente testigo del banco existe
  OK   el banco tiene 100000 solicitudes

== 3. Semantica: cada rama casa lo suyo y no duplica ==
  OK   rama direccion: el testigo HITO casa y no duplica
  OK   rama codigo de solicitud: HITOSOL casa 20
  OK   rama codigo de oportunidad: HITOOP casa 20
  OK   rama nombre del cliente: HITOCLI casa solo las suyas
  OK   rama nombre del agente: HITOAGE casa solo las suyas
  OK   un texto sin coincidencias devuelve vacio y total 0
  OK   rama direccion: el distrito tambien es buscable

== 4. Conteo y pagina miran el mismo conjunto ==
  OK   paginar el conjunto entero devuelve exactamente el total
  OK   las paginas no repiten filas
  OK   el orden es estable y descendente entre paginas
  OK   la pagina posterior a la ultima viaja vacia y conserva el total

== 5. El KPI sale del MISMO conjunto que la lista ==
  OK   el total del resumen cuadra con la lista
  OK   los siete cubos suman el total
  OK   el cubo de aprobadas coincide con el filtro de la lista
  OK   el cubo PENDIENTES es exactamente en revision + observadas
  OK   el cubo se normaliza a mayusculas
  OK   el resumen ignora estado, distrito y agente
  OK   el resumen ofrece los distritos y los agentes del alcance
  OK   sin filtros conserva el orden congelado por id descendente

== 6. Rendimiento del texto libre ==

Escenario                Termino      p50  p95 Peor Frio   Casa
---------                -------      ---  --- ---- ----   ----
SOL casa con TODO        Calle       1118 1823 1933 1332 100000
SOL casa TODO - profunda Calle       1197 1510 1525 1516 100000
SOL medianam. selectivo  SOLS-00001   151  175  178  142    100
SOL ~20 por codigo       HITOSOL      155  255  388  114     20
SOL ~20 por operacion    HITOOP       167  312  479  167     20
SOL por cliente          HITOCLI      119  139  142  121    502
SOL por agente           HITOAGE      114  127  193  112    200
SOL sin coincidencias    ZZZNOEXISTE   69   96  115   87      0
SOL texto + estado       Calle        320  353  355  291  14286
SOL texto + PENDIENTES   Calle        737  939  940  677  28572
SOL resumen con texto    HITOSOL      560  704  730  630       




== 7. Sin texto: la referencia de la bandeja ==

Escenario                Termino  p50  p95 Peor Frio   Casa
---------                -------  ---  --- ---- ----   ----
SOL sin texto - pagina 1          520  591  701  293 100001
SOL sin texto - profunda         1168 1879 1954  807 100001



  OK   el termino 'Calle' tiene su medida sin otros filtros
  OK   el termino 'Calle' tiene su medida sin otros filtros
  OK   el termino 'SOLS-00001' tiene su medida sin otros filtros
  OK   el termino 'HITOSOL' tiene su medida sin otros filtros
  OK   el termino 'HITOOP' tiene su medida sin otros filtros
  OK   el termino 'HITOCLI' tiene su medida sin otros filtros
  OK   el termino 'HITOAGE' tiene su medida sin otros filtros
  OK   el termino 'ZZZNOEXISTE' tiene su medida sin otros filtros
  OK   el termino 'Calle' tiene su medida sin otros filtros
  OK   el termino 'Calle' tiene su medida sin otros filtros

== 8. Criterio 1: busqueda DISCRIMINANTE ==
   (6 escenarios; el termino acota de verdad el conjunto)
  OK   p95 de la busqueda discriminante < 1000 ms
  OK   peor observado de la busqueda discriminante < 2000 ms
  OK   el resumen con texto se mantiene bajo RC-003 (< 3000 ms)
        informativo: el resumen cumple el objetivo de 1000 ms (p95=704 ms); dos de sus tres consultas recorren el alcance entero.

== 9. Criterio 2: busqueda NO DISCRIMINANTE ==
   (4 escenarios con >= 90000 coincidencias)
  OK   SOL casa con TODO: bajo RC-003 (< 3000 ms)
  OK   SOL casa TODO - profunda: bajo RC-003 (< 3000 ms)
  OK   SOL texto + estado: bajo RC-003 (< 3000 ms)
  OK   SOL texto + PENDIENTES: bajo RC-003 (< 3000 ms)

   Evidencia (NO es umbral): las dos profundidades

Profundidad ConTexto SinTexto Razon Lectura                 
----------- -------- -------- ----- -------                 
pagina 1        1823      591  3.08 la busqueda cuesta MAS  
profunda        1510     1879   0.8 la busqueda cuesta MENOS
pagina 1         353      591   0.6 la busqueda cuesta MENOS
pagina 1         939      591  1.59 la busqueda cuesta MAS  



  OK   el criterio 2 registra las dos profundidades

== 10. Criterio 3: paginacion PROFUNDA ==
  OK   la paginacion profunda se mantiene bajo RC-003 (< 3000 ms)
        pendiente registrado: sustituir OFFSET por paginacion por cursor/keyset.
  OK   la llamada en frio respeta RC-003 (< 3000 ms)

== 11. Planes: cada rama entra por su indice, ninguna tabla se recorre entera ==
Aggregate  (cost=3322.92..3322.93 rows=1 width=8) (actual time=4.546..4.559 rows=1 loops=1)
  Buffers: shared hit=268
  ->  HashAggregate  (cost=3302.35..3311.49 rows=914 width=8) (actual time=4.532..4.552 rows=20 loops=1)
        Group Key: s.id_solicitud
        Batches: 1  Memory Usage: 49kB
        Buffers: shared hit=268
        ->  Append  (cost=48.47..3300.07 rows=914 width=8) (actual time=2.772..4.523 rows=20 loops=1)
              Buffers: shared hit=268
              ->  Nested Loop  (cost=48.47..175.57 rows=10 width=8) (actual time=2.771..3.710 rows=20 loops=1)
                    Buffers: shared hit=222
                    ->  Nested Loop  (cost=48.18..172.36 rows=10 width=16) (actual time=2.745..3.575 rows=20 loops=1)
                          Buffers: shared hit=181
                          ->  Nested Loop  (cost=47.88..168.58 rows=10 width=16) (actual time=2.709..3.224 rows=20 loops=1)
                                Buffers: shared hit=121
                                ->  Bitmap Heap Scan on solicitud_alquiler s  (cost=47.59..85.48 rows=10 width=16) (actual time=2.664..2.857 rows=20 loops=1)
                                      Recheck Cond: (lower((codigo_solicitud)::text) ~~ '%hitosol%'::text)
                                      Filter: (organizacion_id = 1)
                                      Heap Blocks: exact=20
                                      Buffers: shared hit=61
                                      ->  Bitmap Index Scan on ix_solicitud_codigo_trgm  (cost=0.00..47.59 rows=10 width=0) (actual time=2.634..2.634 rows=20 loops=1)
                                            Index Cond: (lower((codigo_solicitud)::text) ~~ '%hitosol%'::text)
                                            Buffers: shared hit=41
                                ->  Index Scan using oportunidad_comercial_pkey on oportunidad_comercial op  (cost=0.29..8.31 rows=1 width=16) (actual time=0.017..0.017 rows=1 loops=20)
                                      Index Cond: (id_oportunidad = s.id_oportunidad)
                                      Buffers: shared hit=60
                          ->  Index Scan using captacion_pkey on captacion cap  (cost=0.29..0.38 rows=1 width=16) (actual time=0.016..0.016 rows=1 loops=20)
                                Index Cond: (id_captacion = op.id_captacion)
                                Buffers: shared hit=60
                    ->  Index Only Scan using propiedad_pkey on propiedad prop  (cost=0.29..0.32 rows=1 width=8) (actual time=0.006..0.006 rows=1 loops=20)
                          Index Cond: (id_propiedad = cap.id_propiedad)
                          Heap Fetches: 0
                          Buffers: shared hit=41
              ->  Nested Loop  (cost=48.47..254.76 rows=10 width=8) (actual time=0.041..0.043 rows=0 loops=1)
                    Buffers: shared hit=11
                    ->  Nested Loop  (cost=48.18..251.55 rows=10 width=16) (actual time=0.040..0.042 rows=0 loops=1)
                          Buffers: shared hit=11
                          ->  Nested Loop  (cost=47.88..168.45 rows=10 width=16) (actual time=0.039..0.041 rows=0 loops=1)
                                Buffers: shared hit=11
                                ->  Bitmap Heap Scan on oportunidad_comercial op_1  (cost=47.59..85.32 rows=10 width=16) (actual time=0.039..0.040 rows=0 loops=1)
                                      Recheck Cond: (lower((codigo_oportunidad)::text) ~~ '%hitosol%'::text)
                                      Buffers: shared hit=11
                                      ->  Bitmap Index Scan on ix_oportunidad_codigo_trgm  (cost=0.00..47.59 rows=10 width=0) (actual time=0.029..0.029 rows=0 loops=1)
                                            Index Cond: (lower((codigo_oportunidad)::text) ~~ '%hitosol%'::text)
                                            Buffers: shared hit=11
                                ->  Index Scan using uq_solicitud_oportunidad on solicitud_alquiler s_1  (cost=0.29..8.31 rows=1 width=16) (never executed)
                                      Index Cond: (id_oportunidad = op_1.id_oportunidad)
                                      Filter: (organizacion_id = 1)
                          ->  Index Scan using captacion_pkey on captacion cap_1  (cost=0.29..8.31 rows=1 width=16) (never executed)
                                Index Cond: (id_captacion = op_1.id_captacion)
                    ->  Index Only Scan using propiedad_pkey on propiedad prop_1  (cost=0.29..0.32 rows=1 width=8) (never executed)
                          Index Cond: (id_propiedad = cap_1.id_propiedad)
                          Heap Fetches: 0
              ->  Nested Loop  (cost=161.26..289.45 rows=10 width=8) (actual time=0.173..0.175 rows=0 loops=1)
                    Buffers: shared hit=19
                    ->  Nested Loop  (cost=160.97..285.53 rows=10 width=8) (actual time=0.170..0.172 rows=0 loops=1)
                          Buffers: shared hit=19
                          ->  Nested Loop  (cost=160.67..281.60 rows=10 width=8) (actual time=0.169..0.170 rows=0 loops=1)
                                Buffers: shared hit=19
                                ->  Bitmap Heap Scan on propiedad prop_2  (cost=160.38..198.40 rows=10 width=8) (actual time=0.169..0.170 rows=0 loops=1)
                                      Recheck Cond: ((lower((direccion)::text) ~~ '%hitosol%'::text) OR (lower((distrito)::text) ~~ '%hitosol%'::text))
                                      Buffers: shared hit=19
                                      ->  BitmapOr  (cost=160.38..160.38 rows=10 width=0) (actual time=0.151..0.152 rows=0 loops=1)
                                            Buffers: shared hit=19
                                            ->  Bitmap Index Scan on ix_propiedad_direccion_trgm  (cost=0.00..51.71 rows=10 width=0) (actual time=0.138..0.138 rows=0 loops=1)
                                                  Index Cond: (lower((direccion)::text) ~~ '%hitosol%'::text)
                                                  Buffers: shared hit=13
                                            ->  Bitmap Index Scan on ix_propiedad_distrito_trgm  (cost=0.00..108.66 rows=1 width=0) (actual time=0.011..0.011 rows=0 loops=1)
                                                  Index Cond: (lower((distrito)::text) ~~ '%hitosol%'::text)
                                                  Buffers: shared hit=6
                                ->  Index Scan using ix_captacion_propiedad on captacion cap_2  (cost=0.29..8.31 rows=1 width=16) (never executed)
                                      Index Cond: (id_propiedad = prop_2.id_propiedad)
                          ->  Index Scan using ix_oportunidad_captacion on oportunidad_comercial op_2  (cost=0.29..0.38 rows=1 width=16) (never executed)
                                Index Cond: (id_captacion = cap_2.id_captacion)
                    ->  Index Scan using uq_solicitud_oportunidad on solicitud_alquiler s_2  (cost=0.29..0.39 rows=1 width=16) (never executed)
                          Index Cond: (id_oportunidad = op_2.id_oportunidad)
                          Filter: (organizacion_id = 1)
              ->  Nested Loop  (cost=9.57..538.11 rows=442 width=8) (actual time=0.250..0.253 rows=0 loops=1)
                    Buffers: shared hit=7
                    ->  Nested Loop  (cost=9.28..396.19 rows=442 width=16) (actual time=0.250..0.252 rows=0 loops=1)
                          Buffers: shared hit=7
                          ->  Nested Loop  (cost=8.99..229.03 rows=442 width=16) (actual time=0.249..0.252 rows=0 loops=1)
                                Buffers: shared hit=7
                                ->  Nested Loop  (cost=8.70..55.52 rows=442 width=16) (actual time=0.249..0.251 rows=0 loops=1)
                                      Buffers: shared hit=7
                                      ->  Hash Join  (cost=8.40..14.54 rows=1 width=8) (actual time=0.248..0.250 rows=0 loops=1)
                                            Hash Cond: (prcli.id_persona = percli.id_persona)
                                            Buffers: shared hit=7
                                            ->  Seq Scan on persona_rol prcli  (cost=0.00..5.48 rows=248 width=16) (actual time=0.015..0.015 rows=1 loops=1)
                                                  Buffers: shared hit=2
                                            ->  Hash  (cost=8.39..8.39 rows=1 width=8) (actual time=0.201..0.201 rows=0 loops=1)
                                                  Buckets: 1024  Batches: 1  Memory Usage: 8kB
                                                  Buffers: shared hit=5
                                                  ->  Seq Scan on persona percli  (cost=0.00..8.39 rows=1 width=8) (actual time=0.201..0.201 rows=0 loops=1)
                                                        Filter: (lower((nombres_o_razon_social)::text) ~~ '%hitosol%'::text)
                                                        Rows Removed by Filter: 226
                                                        Buffers: shared hit=5
                                      ->  Index Scan using ix_oportunidad_cliente on oportunidad_comercial op_3  (cost=0.29..35.95 rows=503 width=24) (never executed)
                                            Index Cond: (id_rol_cliente = prcli.id_persona_rol)
                                ->  Index Scan using uq_solicitud_oportunidad on solicitud_alquiler s_3  (cost=0.29..0.39 rows=1 width=16) (never executed)
                                      Index Cond: (id_oportunidad = op_3.id_oportunidad)
                                      Filter: (organizacion_id = 1)
                          ->  Index Scan using captacion_pkey on captacion cap_3  (cost=0.29..0.38 rows=1 width=16) (never executed)
                                Index Cond: (id_captacion = op_3.id_captacion)
                    ->  Index Only Scan using propiedad_pkey on propiedad prop_3  (cost=0.29..0.32 rows=1 width=8) (never executed)
                          Index Cond: (id_propiedad = cap_3.id_propiedad)
                          Heap Fetches: 0
              ->  Nested Loop  (cost=1.31..2037.61 rows=442 width=8) (actual time=0.330..0.332 rows=0 loops=1)
                    Buffers: shared hit=9
                    ->  Nested Loop  (cost=1.02..1895.69 rows=442 width=16) (actual time=0.329..0.331 rows=0 loops=1)
                          Buffers: shared hit=9
                          ->  Nested Loop  (cost=0.73..1728.52 rows=442 width=16) (actual time=0.329..0.330 rows=0 loops=1)
                                Buffers: shared hit=9
                                ->  Nested Loop  (cost=0.44..1559.42 rows=442 width=16) (actual time=0.329..0.330 rows=0 loops=1)
                                      Buffers: shared hit=9
                                      ->  Nested Loop  (cost=0.14..29.98 rows=1 width=8) (actual time=0.328..0.329 rows=0 loops=1)
                                            Join Filter: (perag.id_persona = prag.id_persona)
                                            Buffers: shared hit=9
                                            ->  Index Scan using persona_rol_pkey on persona_rol prag  (cost=0.14..17.86 rows=248 width=16) (actual time=0.028..0.078 rows=248 loops=1)
                                                  Buffers: shared hit=4
                                            ->  Materialize  (cost=0.00..8.40 rows=1 width=8) (actual time=0.001..0.001 rows=0 loops=248)
                                                  Buffers: shared hit=5
                                                  ->  Seq Scan on persona perag  (cost=0.00..8.39 rows=1 width=8) (actual time=0.174..0.174 rows=0 loops=1)
                                                        Filter: (lower((nombres_o_razon_social)::text) ~~ '%hitosol%'::text)
                                                        Rows Removed by Filter: 226
                                                        Buffers: shared hit=5
                                      ->  Index Scan using ix_solicitud_agente on solicitud_alquiler s_4  (cost=0.29..1029.44 rows=50000 width=24) (never executed)
                                            Index Cond: ((organizacion_id = 1) AND (id_rol_agente = prag.id_persona_rol))
                                ->  Index Scan using oportunidad_comercial_pkey on oportunidad_comercial op_4  (cost=0.29..0.38 rows=1 width=16) (never executed)
                                      Index Cond: (id_oportunidad = s_4.id_oportunidad)
                          ->  Index Scan using captacion_pkey on captacion cap_4  (cost=0.29..0.38 rows=1 width=16) (never executed)
                                Index Cond: (id_captacion = op_4.id_captacion)
                    ->  Index Only Scan using propiedad_pkey on propiedad prop_4  (cost=0.29..0.32 rows=1 width=8) (never executed)
                          Index Cond: (id_propiedad = cap_4.id_propiedad)
                          Heap Fetches: 0
Planning:
  Buffers: shared hit=1268
Planning Time: 31.171 ms
Execution Time: 6.151 ms
  OK   plan de solicitudes: cada rama grande entra por su trigrama
  OK   plan de solicitudes: sin Seq Scan de las tablas grandes

-- contraste: el OR cruzado sobre el mismo banco --
Finalize Aggregate  (cost=13420.55..13420.56 rows=1 width=8) (actual time=659.872..670.853 rows=1 loops=1)
  Buffers: shared hit=6685
  ->  Gather  (cost=13420.44..13420.55 rows=1 width=8) (actual time=659.019..670.845 rows=2 loops=1)
        Workers Planned: 1
        Workers Launched: 1
        Buffers: shared hit=6685
        ->  Partial Aggregate  (cost=12420.44..12420.45 rows=1 width=8) (actual time=650.090..650.105 rows=1 loops=2)
              Buffers: shared hit=6685
              ->  Hash Join  (cost=8870.97..12420.36 rows=29 width=0) (actual time=143.973..650.076 rows=10 loops=2)
                    Hash Cond: (prag.id_persona = perag.id_persona)
                    Join Filter: ((lower((s.codigo_solicitud)::text) ~~ '%hitosol%'::text) OR (lower((op.codigo_oportunidad)::text) ~~ '%hitosol%'::text) OR (lower((prop.direccion)::text) ~~ '%hitosol%'::text) OR (lower((percli.nombres_o_razon_social)::text) ~~ '%hitosol%'::text) OR (lower((perag.nombres_o_razon_social)::text) ~~ '%hitosol%'::text))
                    Rows Removed by Join Filter: 49990
                    Buffers: shared hit=6685
                    ->  Hash Join  (cost=8860.89..12255.87 rows=58824 width=74) (actual time=110.938..398.642 rows=50000 loops=2)
                          Hash Cond: (s.id_rol_agente = prag.id_persona_rol)
                          Buffers: shared hit=6610
                          ->  Hash Join  (cost=8852.31..12090.24 rows=58824 width=74) (actual time=110.765..372.197 rows=50000 loops=2)
                                Hash Cond: (prcli.id_persona = percli.id_persona)
                                Buffers: shared hit=6604
                                ->  Hash Join  (cost=8842.22..11922.85 rows=58824 width=62) (actual time=110.602..339.805 rows=50000 loops=2)
                                      Hash Cond: (op.id_rol_cliente = prcli.id_persona_rol)
                                      Buffers: shared hit=6594
                                      ->  Parallel Hash Join  (cost=8833.64..11757.22 rows=58824 width=62) (actual time=110.452..310.542 rows=50000 loops=2)
                                            Hash Cond: (cap.id_propiedad = prop.id_propiedad)
                                            Buffers: shared hit=6588
                                            ->  Parallel Hash Join  (cost=5615.08..8384.23 rows=58824 width=49) (actual time=72.628..222.574 rows=50000 loops=2)
                                                  Hash Cond: (op.id_captacion = cap.id_captacion)
                                                  Buffers: shared hit=4693
                                                  ->  Parallel Hash Join  (cost=2862.54..5477.27 rows=58824 width=49) (actual time=41.446..140.420 rows=50000 loops=2)
                                                        Hash Cond: (s.id_oportunidad = op.id_oportunidad)
                                                        Buffers: shared hit=3264
                                                        ->  Parallel Seq Scan on solicitud_alquiler s  (cost=0.00..2460.30 rows=58824 width=29) (actual time=0.017..31.501 rows=50000 loops=2)
                                                              Filter: (organizacion_id = 1)
                                                              Buffers: shared hit=1725
                                                        ->  Parallel Hash  (cost=2127.24..2127.24 rows=58824 width=36) (actual time=38.923..38.925 rows=50000 loops=2)
                                                              Buckets: 131072  Batches: 1  Memory Usage: 8128kB
                                                              Buffers: shared hit=1539
                                                              ->  Parallel Seq Scan on oportunidad_comercial op  (cost=0.00..2127.24 rows=58824 width=36) (actual time=0.025..13.963 rows=50000 loops=2)
                                                                    Buffers: shared hit=1539
                                                  ->  Parallel Hash  (cost=2017.24..2017.24 rows=58824 width=16) (actual time=30.657..30.660 rows=50000 loops=2)
                                                        Buckets: 131072  Batches: 1  Memory Usage: 5760kB
                                                        Buffers: shared hit=1429
                                                        ->  Parallel Seq Scan on captacion cap  (cost=0.00..2017.24 rows=58824 width=16) (actual time=0.029..11.291 rows=50000 loops=2)
                                                              Buffers: shared hit=1429
                                            ->  Parallel Hash  (cost=2483.25..2483.25 rows=58825 width=29) (actual time=36.589..36.590 rows=50001 loops=2)
                                                  Buckets: 131072  Batches: 1  Memory Usage: 7296kB
                                                  Buffers: shared hit=1895
                                                  ->  Parallel Seq Scan on propiedad prop  (cost=0.00..2483.25 rows=58825 width=29) (actual time=0.038..13.051 rows=50001 loops=2)
                                                        Buffers: shared hit=1895
                                      ->  Hash  (cost=5.48..5.48 rows=248 width=16) (actual time=0.119..0.120 rows=248 loops=2)
                                            Buckets: 1024  Batches: 1  Memory Usage: 20kB
                                            Buffers: shared hit=6
                                            ->  Seq Scan on persona_rol prcli  (cost=0.00..5.48 rows=248 width=16) (actual time=0.009..0.048 rows=248 loops=2)
                                                  Buffers: shared hit=6
                                ->  Hash  (cost=7.26..7.26 rows=226 width=28) (actual time=0.125..0.125 rows=226 loops=2)
                                      Buckets: 1024  Batches: 1  Memory Usage: 22kB
                                      Buffers: shared hit=10
                                      ->  Seq Scan on persona percli  (cost=0.00..7.26 rows=226 width=28) (actual time=0.007..0.052 rows=226 loops=2)
                                            Buffers: shared hit=10
                          ->  Hash  (cost=5.48..5.48 rows=248 width=16) (actual time=0.135..0.135 rows=248 loops=2)
                                Buckets: 1024  Batches: 1  Memory Usage: 20kB
                                Buffers: shared hit=6
                                ->  Seq Scan on persona_rol prag  (cost=0.00..5.48 rows=248 width=16) (actual time=0.021..0.062 rows=248 loops=2)
                                      Buffers: shared hit=6
                    ->  Hash  (cost=7.26..7.26 rows=226 width=28) (actual time=0.271..0.271 rows=226 loops=2)
                          Buckets: 1024  Batches: 1  Memory Usage: 22kB
                          Buffers: shared hit=10
                          ->  Seq Scan on persona perag  (cost=0.00..7.26 rows=226 width=28) (actual time=0.080..0.169 rows=226 loops=2)
                                Buffers: shared hit=10
Planning:
  Buffers: shared hit=1183
Planning Time: 48.802 ms
Execution Time: 671.539 ms
  OK   el OR cruzado SI cae a Seq Scan (justifica la reescritura)

== 12. Guarda estatica: el listado ya no recibe el texto ==
  OK   SolicitudAlquilerRepository: el listado JPQL no recibe texto libre

== Limpieza: la base exclusiva de la corrida se elimina entera ==
  OK   el banco vive en la base efimera de la corrida (se elimina entera)

===== 48 OK / 0 FALLAS =====
 Container controllocal-api-e2e-20260806070824-5483 Stopping 
 Container controllocal-api-e2e-20260806070824-5483 Stopped 
 Container controllocal-api-e2e-20260806070824-5483 Removing 
 Container controllocal-api-e2e-20260806070824-5483 Removed 
 Container controllocal-postgres-e2e-20260806070824-5483 Stopping 
 Container controllocal-postgres-e2e-20260806070824-5483 Stopped 
 Container controllocal-postgres-e2e-20260806070824-5483 Removing 
 Container controllocal-postgres-e2e-20260806070824-5483 Removed 
 Network controllocal-e2e-20260806070824-5483_default Removing 
 Network controllocal-e2e-20260806070824-5483_default Removed 
Base controllocal_e2e_20260806070824_5483 y su entorno eliminados en 2.6 s.
Entorno 20260806070824-5483 eliminado: sin contenedores, volumenes ni red residuales.

== Entorno E2E aislado 20260806071359-1015 ==
Base: controllocal_e2e_20260806071359_1015
 Network controllocal-e2e-20260806071359-1015_default Creating 
 Network controllocal-e2e-20260806071359-1015_default Created 
 Container controllocal-postgres-e2e-20260806071359-1015 Creating 
 Container controllocal-postgres-e2e-20260806071359-1015 Created 
 Container controllocal-api-e2e-20260806071359-1015 Creating 
 Container controllocal-api-e2e-20260806071359-1015 Created 
 Container controllocal-postgres-e2e-20260806071359-1015 Starting 
 Container controllocal-postgres-e2e-20260806071359-1015 Started 
 Container controllocal-postgres-e2e-20260806071359-1015 Waiting 
 Container controllocal-postgres-e2e-20260806071359-1015 Healthy 
 Container controllocal-api-e2e-20260806071359-1015 Starting 
 Container controllocal-api-e2e-20260806071359-1015 Started 
 Container controllocal-api-e2e-20260806071359-1015 Waiting 
 Container controllocal-postgres-e2e-20260806071359-1015 Waiting 
 Container controllocal-api-e2e-20260806071359-1015 Healthy 
 Container controllocal-postgres-e2e-20260806071359-1015 Healthy 

== Suite sonda-transporte / corrida 20260806071359-1015 ==

== Sonda de transporte: 300 s de /salud por los dos caminos ==

== Resultado: ventana 07:15:03 -> 07:20:07 UTC ==

Camino                           N p50 p99 Peor Pausas
------                           - --- --- ---- ------
W  Windows -> puerto publicado 300  34  93  305      0



-- pausas de W (>= 500 ms) --
   ninguna
-- pausas de D (>= 500 ms) --
   ninguna

===== sin pausas del entorno: se puede medir rendimiento =====
 Container controllocal-api-e2e-20260806071359-1015 Stopping 
 Container controllocal-api-e2e-20260806071359-1015 Stopped 
 Container controllocal-api-e2e-20260806071359-1015 Removing 
 Container controllocal-api-e2e-20260806071359-1015 Removed 
 Container controllocal-postgres-e2e-20260806071359-1015 Stopping 
 Container controllocal-postgres-e2e-20260806071359-1015 Stopped 
 Container controllocal-postgres-e2e-20260806071359-1015 Removing 
 Container controllocal-postgres-e2e-20260806071359-1015 Removed 
 Network controllocal-e2e-20260806071359-1015_default Removing 
 Network controllocal-e2e-20260806071359-1015_default Removed 
Base controllocal_e2e_20260806071359_1015 y su entorno eliminados en 1.5 s.
Entorno 20260806071359-1015 eliminado: sin contenedores, volumenes ni red residuales.

== Entorno E2E aislado 20260806072009-8009 ==
Base: controllocal_e2e_20260806072009_8009
 Network controllocal-e2e-20260806072009-8009_default Creating 
 Network controllocal-e2e-20260806072009-8009_default Created 
 Container controllocal-postgres-e2e-20260806072009-8009 Creating 
 Container controllocal-postgres-e2e-20260806072009-8009 Created 
 Container controllocal-api-e2e-20260806072009-8009 Creating 
 Container controllocal-api-e2e-20260806072009-8009 Created 
 Container controllocal-postgres-e2e-20260806072009-8009 Starting 
 Container controllocal-postgres-e2e-20260806072009-8009 Started 
 Container controllocal-postgres-e2e-20260806072009-8009 Waiting 
 Container controllocal-postgres-e2e-20260806072009-8009 Healthy 
 Container controllocal-api-e2e-20260806072009-8009 Starting 
 Container controllocal-api-e2e-20260806072009-8009 Started 
 Container controllocal-postgres-e2e-20260806072009-8009 Waiting 
 Container controllocal-api-e2e-20260806072009-8009 Waiting 
 Container controllocal-postgres-e2e-20260806072009-8009 Healthy 
 Container controllocal-api-e2e-20260806072009-8009 Healthy 

== Suite v6 / corrida 20260806072009-8009 ==

== 1. Login (contrato de token CONGELADO) ==
  OK   login agente devuelve token
  OK   rol AGENTE
  OK   el token sigue teniendo 3 partes HS256
  OK   el token NO lleva la organizacion (gate #5)
  OK   login broker
  OK   login admin

== 2. Lectura de la cartera (scope por tenant) ==
  OK   GET /locales responde el total del tenant
  OK   el ADMIN ve el mismo universo (su organizacion)

== 3. Alta de local (estampa el tenant + prospeccion inicial) ==
  OK   POST /locales crea con defaults v1
  OK   la propiedad nace en BROX_LEGACY
  OK   el detalle_local hereda el tenant
  OK   la publicacion sincronizada lleva tenant
  OK   el alta abrio la prospeccion inicial con tenant
  OK   el total del tenant subio en 1

== 4. Ficha, edicion y precios ==
  OK   GET /locales/{id} devuelve la ficha
  OK   la ficha trae el propietario resuelto
  OK   PUT actualiza el precio
  OK   el hito de precio U nace con tenant
  OK   POST /precios registra el hito
  OK   el precio manual lleva tenant
  OK   POST /publicaciones crea el anuncio
  OK   la publicacion nueva lleva tenant

== 5. Prospeccion: maquina de estados + auditoria ==
  OK   la prospeccion inicial esta en P
  OK   el correlativo sigue el formato PRO-####
  OK   contactar -> C
  OK   reunion -> R
  OK   propuesta deja S (la v1 nunca emite E)
  OK   resultadoPropuesta = P
  OK   las 3 transiciones quedaron auditadas
  OK   ninguna fila de auditoria quedo sin tenant

== 6. Captacion: alta desde la prospeccion y revision del broker ==
  OK   captar -> T (captado)
  OK   se creo la captacion
  OK   el correlativo sigue el formato CAP-####
  OK   la captacion nace con tenant
  OK   la captacion aparece en la bandeja del broker
  OK   observar sin observacion se rechaza (MEJ-03)
  OK   observar -> O
  OK   editar una observada la reenvia a P
  OK   aprobar -> A (activa)
  OK   las transiciones de captacion se auditaron con tenant

== 7. mis-locales, reasignacion y cierre ==
  OK   el local aparece en mis-locales del agente
  OK   reasignar cambia el responsable
  OK   reasignar NO transiciona el estado
  OK   el evento de reasignacion lleva tenant
  OK   cerrar -> C

== 8. Ninguna fila del tenant quedo huerfana ==
  OK   cero filas con organizacion_id NULL en toda la BD

===== 46 OK / 0 FALLAS =====
 Container controllocal-api-e2e-20260806072009-8009 Stopping 
 Container controllocal-api-e2e-20260806072009-8009 Stopped 
 Container controllocal-api-e2e-20260806072009-8009 Removing 
 Container controllocal-api-e2e-20260806072009-8009 Removed 
 Container controllocal-postgres-e2e-20260806072009-8009 Stopping 
 Container controllocal-postgres-e2e-20260806072009-8009 Stopped 
 Container controllocal-postgres-e2e-20260806072009-8009 Removing 
 Container controllocal-postgres-e2e-20260806072009-8009 Removed 
 Network controllocal-e2e-20260806072009-8009_default Removing 
 Network controllocal-e2e-20260806072009-8009_default Removed 
Base controllocal_e2e_20260806072009_8009 y su entorno eliminados en 2.2 s.
Entorno 20260806072009-8009 eliminado: sin contenedores, volumenes ni red residuales.

== Entorno E2E aislado 20260806072140-2328 ==
Base: controllocal_e2e_20260806072140_2328
 Network controllocal-e2e-20260806072140-2328_default Creating 
 Network controllocal-e2e-20260806072140-2328_default Created 
 Container controllocal-postgres-e2e-20260806072140-2328 Creating 
 Container controllocal-postgres-e2e-20260806072140-2328 Created 
 Container controllocal-api-e2e-20260806072140-2328 Creating 
 Container controllocal-api-e2e-20260806072140-2328 Created 
 Container controllocal-postgres-e2e-20260806072140-2328 Starting 
 Container controllocal-postgres-e2e-20260806072140-2328 Started 
 Container controllocal-postgres-e2e-20260806072140-2328 Waiting 
 Container controllocal-postgres-e2e-20260806072140-2328 Healthy 
 Container controllocal-api-e2e-20260806072140-2328 Starting 
 Container controllocal-api-e2e-20260806072140-2328 Started 
 Container controllocal-api-e2e-20260806072140-2328 Waiting 
 Container controllocal-postgres-e2e-20260806072140-2328 Waiting 
 Container controllocal-postgres-e2e-20260806072140-2328 Healthy 
 Container controllocal-api-e2e-20260806072140-2328 Healthy 

== Suite f3-demanda / corrida 20260806072140-2328 ==

== 1. Login de las tres bandas de rol ==
  OK   login agente
  OK   login broker
  OK   login admin

== 2. Prologo F2: cartera con una captacion ACTIVA ==
  OK   la captacion del prologo quedo ACTIVA
  OK   la segunda prospeccion nace en P (en proceso)

== 3. Clientes (catalogo COMPARTIDO del tenant) ==
  OK   POST /clientes crea el rol CLIENTE
  OK   el cliente nace en el tenant de legado
  OK   idCliente del cable es un persona_rol de tipo CLIENTE
  OK   el catalogo crecio en 2
  OK   el ADMIN ve el mismo catalogo compartido
  OK   el BROKER va acotado a su equipo (unico rol con alcance)
  OK   GET /clientes/{id} devuelve la ficha
  OK   PUT /clientes/{id} actualiza
  OK   el BROKER no registra clientes (403)
  OK   el texto encuentra por nombre o razon social
  OK   el texto encuentra por numero de documento
  OK   el texto encuentra por RUBRO (la rama de la otra tabla)
  OK   un texto sin coincidencias devuelve vacio, no la lista entera
  OK   el filtro de tipo de persona recorta
  OK   un tipo de persona inexistente devuelve vacio, no lo ignora
  OK   el filtro exacto de rubro recorta
  OK   el resumen cuenta el mismo conjunto que la lista
  OK   activos + inactivos suman el total (no es una cuarta consulta)
  OK   el resumen trae los rubros para el selector data-driven
  OK   el resumen aplica los mismos filtros que la lista
  OK   la baja logica saca al cliente del cubo de activos
  OK   y lo deja en el cubo de inactivos
  OK   reactivar es el PUT con estado A, no un endpoint nuevo

== 4. Requerimientos (perfil de busqueda) ==
  OK   POST /requerimientos crea el perfil A (activo)
  OK   tipoInmueble viaja con el NOMBRE del enum (no CHAR(1))
  OK   el requerimiento nace con tenant
  OK   los distritos N:M quedaron enlazados
  OK   GET /requerimientos/cliente/{id} lista los del cliente
  OK   PUT /requerimientos/{id} actualiza la renta
  OK   POST /{id}/estado pausa el requerimiento
  OK   y lo reactiva (solo A alimenta el matching)

== 5. Coincidencias: las tres entradas del matching ==
  OK   cliente -> propiedades responde el sobre completo
  OK   el default de pagina es 6 (§7)
  OK   el local recien captado casa con el requerimiento
  OK   los 5 criterios aplicables cumplen -> puntaje 100
  OK   viajan las razones legibles (cumple)
  OK   la coincidencia es accionable (proponerRuta)
  OK   page_size se topa en 24
  OK   captacion -> clientes responde por id
  OK   la misma ruta acepta el CODIGO (cable v1)
  OK   sin oportunidad previa el AGENTE aun no ve al cliente nuevo
  OK   el ADMIN si lo ve (su matching va sin vista personal)
  OK   y la coincidencia de captacion es accionable
  OK   prospeccion -> clientes responde (señal temprana)
  OK   sin captacion la prospeccion NO es accionable

== 6. Oportunidad comercial (el hub) ==
  OK   POST /oportunidades nace ABIERTA
  OK   el correlativo sigue el formato OP-*
  OK   la oportunidad nace con tenant
  OK   el alta NO escribe historial (nacer no es transicionar)
  OK   no se duplica la oportunidad abierta del par cliente/captacion
  OK   sin cliente responde el mensaje del cable
  OK   GET /oportunidades/{id} resuelve cliente y captacion
  OK   el filtro por cliente devuelve la nuestra
  OK   cierre-exitoso SIEMPRE responde 400 (cable real)

== 7. Visita: maquina de estados por PATCH ==
  OK   POST /visitas programa en P
  OK   la visita nace con tenant
  OK   PATCH reprogramar -> G
  OK   la nueva fecha quedo guardada
  OK   la agenda proximas incluye la visita viva
  OK   el calendario del mes la trae
  OK   no se registra desenlace antes de realizarla
  OK   PATCH realizar -> R
  OK   el desenlace guarda el resultado
  OK   y el nivel de interes
  OK   la oportunidad sigue ABIERTA tras un desenlace positivo
  OK   las 2 transiciones de visita quedaron auditadas (G y R)
  OK   y ninguna fila de auditoria quedo sin tenant

== 8. Interacciones: bitacora POLIMORFICA ==
  OK   contexto OPORTUNIDAD se infiere del id
  OK   contexto CLIENTE se infiere del id
  OK   contexto CAPTACION se infiere del id
  OK   contexto PROSPECCION se infiere del id
  OK   la interaccion de prospeccion movio el embudo a R
  OK   y esa transicion quedo auditada (mejora sobre la v1)
  OK   toda interaccion nace con tenant
  OK   la allow-list por contexto rechaza el resultado ajeno
  OK   el canal de contacto es obligatorio
  OK   canal invalido nombra el codigo
  OK   sin ids exige la oportunidad (orden de validacion del cable)
  OK   solo se filtra por UNA entidad a la vez
  OK   grupo=PROPIETARIO solo trae PROSPECCION/CAPTACION
  OK   el filtro por oportunidad devuelve la suya

== 9. Alcance por rol: DOS reglas distintas de broker ==
  OK   el BROKER alcanza la oportunidad por la captacion de su equipo
  OK   el BROKER alcanza la visita por la misma regla
  OK   el BROKER alcanza la interaccion por agente supervisado
  OK   el BROKER no programa visitas (403)
  OK   el ADMIN gobierna todo su tenant

== 10. Desenlace de no continuidad: cierra la oportunidad ==
  OK   el desenlace de no continuidad se guarda
  OK   la visita cerro la oportunidad en N
  OK   quedo el motivo tipificado, no solo el estado
  OK   no se acepta nivel de interes con resultado de no continuidad
  OK   POST /{id}/no-continuidad cierra en N
  OK   la transicion de cierre quedo auditada (A -> N)
  OK   el cierre por visita tambien se audito en la oportunidad B

== 11. Contrato de errores y tenancy ==
  OK   metodo no soportado responde 405, no 500
  OK   y el cuerpo sigue siendo {"error": ...}
  OK   sin token responde 401
  OK   una oportunidad inexistente responde 404
  OK   cero filas con organizacion_id NULL en toda la BD

===== 103 OK / 0 FALLAS =====
 Container controllocal-api-e2e-20260806072140-2328 Stopping 
 Container controllocal-api-e2e-20260806072140-2328 Stopped 
 Container controllocal-api-e2e-20260806072140-2328 Removing 
 Container controllocal-api-e2e-20260806072140-2328 Removed 
 Container controllocal-postgres-e2e-20260806072140-2328 Stopping 
 Container controllocal-postgres-e2e-20260806072140-2328 Stopped 
 Container controllocal-postgres-e2e-20260806072140-2328 Removing 
 Container controllocal-postgres-e2e-20260806072140-2328 Removed 
 Network controllocal-e2e-20260806072140-2328_default Removing 
 Network controllocal-e2e-20260806072140-2328_default Removed 
Base controllocal_e2e_20260806072140_2328 y su entorno eliminados en 2.4 s.
Entorno 20260806072140-2328 eliminado: sin contenedores, volumenes ni red residuales.

== Entorno E2E aislado 20260806072317-1831 ==
Base: controllocal_e2e_20260806072317_1831
 Network controllocal-e2e-20260806072317-1831_default Creating 
 Network controllocal-e2e-20260806072317-1831_default Created 
 Container controllocal-postgres-e2e-20260806072317-1831 Creating 
 Container controllocal-postgres-e2e-20260806072317-1831 Created 
 Container controllocal-api-e2e-20260806072317-1831 Creating 
 Container controllocal-api-e2e-20260806072317-1831 Created 
 Container controllocal-postgres-e2e-20260806072317-1831 Starting 
 Container controllocal-postgres-e2e-20260806072317-1831 Started 
 Container controllocal-postgres-e2e-20260806072317-1831 Waiting 
 Container controllocal-postgres-e2e-20260806072317-1831 Healthy 
 Container controllocal-api-e2e-20260806072317-1831 Starting 
 Container controllocal-api-e2e-20260806072317-1831 Started 
 Container controllocal-postgres-e2e-20260806072317-1831 Waiting 
 Container controllocal-api-e2e-20260806072317-1831 Waiting 
 Container controllocal-postgres-e2e-20260806072317-1831 Healthy 
 Container controllocal-api-e2e-20260806072317-1831 Healthy 

== Suite f4-solicitud / corrida 20260806072317-1831 ==

== 1. Login de los cinco actores ==
  OK   login agente responsable (AGE-001)
  OK   login agente de otro equipo (AGE-003)
  OK   login broker supervisor (BRK-001)
  OK   login broker de otro equipo (BRK-002)
  OK   login admin

== 2. Prologo F2 + F3: oferta, captacion ACTIVA y oportunidad ==
  OK   la captacion del prologo quedo ACTIVA
  OK   el local tiene una publicacion PUBLICADA (para el efecto 6)
  OK   la oportunidad del prologo nace ABIERTA

== 3. POST /solicitudes: alta, precondiciones y efecto lateral ==
  OK   sin idOportunidad responde el mensaje del cable
  OK   forma de pago invalida da el mensaje del cable
  OK   el BROKER no registra solicitudes (403)
  OK   POST /solicitudes responde 201 y nace REGISTRADA (G)
  OK   el codigo autogenerado sigue el formato SOL-yyMMddHHmmss
  OK   plazoTentativo se DERIVA de plazoMeses ("24 meses")
  OK   el checklist arranca en 0/6
  OK   la solicitud nace con tenant
  OK   nacer no deja fila en historial_estado
  OK   el alta movio la oportunidad a S (solicitud creada)
  OK   y esa transicion SI se audito (la v1 no lo hacia)
  OK   una oportunidad admite UNA sola solicitud (corta por la precondicion)
  OK   y la BD lo respalda con el unico por oportunidad

== 4. Lectura y alcance de /solicitudes (§7: por AGENTE) ==
  OK   GET /solicitudes/codigo/{codigo} resuelve la ficha
  OK   el filtro idOportunidad acota a una
  OK   la ficha resuelve el contexto (cliente, captacion, local)
  OK   el BROKER supervisor la alcanza (por agente supervisado)
  OK   el BROKER de otro equipo NO la ve (lista vacia, no 403)
  OK   un agente de otro equipo recibe 403 en la ficha
  OK   el ADMIN ve todo el tenant

== 5. Documentos: las TRES vias de subida (D-F4-1) ==
  OK   via base64 responde 201 con el documento REGISTRADO/Pendiente
  OK   la clave del almacen cuelga de tenant/{org}/{codigo de la solicitud}
  OK   el tipo se traduce a su nombre de catalogo
  OK   el POST devuelve fechaEntrega (no depende del DEFAULT de la BD)
  OK   el binario se sirve por la URL capability, sin token
  OK   via octet-stream responde 201
  OK   un trozo intermedio responde 200 sin cuerpo
  OK   el ultimo trozo ensambla y responde 201
  OK   el archivo ensamblado suma los dos trozos
  OK   la via "documentos/local" NO existe en la v2 (D-F4-1)

== 6. Documentos: validaciones y checklist X/6 ==
  OK   extension no permitida
  OK   tipo de documento invalido
  OK   base64 invalido
  OK   tipo obligatorio
  OK   nombre de archivo obligatorio
  OK   un cuerpo JSON vacio corta por tipo obligatorio
  OK   sin Content-Type responde 415, no 500
  OK   un alta rechazada no deja huerfanos en el almacen
  OK   el tipo OTRO no suma al checklist (sigue 3/6)
  OK   con los seis tipos entregados el checklist marca 6/6

== 7. Revision de documentos (BROKER/ADMIN) ==
  OK   el resultado de la revision es obligatorio
  OK   observar exige la observacion (MEJ-03)
  OK   el AGENTE no revisa documentos (403)
  OK   observar deja el documento OBSERVADO
  OK   un documento OBSERVADO deja de contar (5/6)
  OK   la revision se audito
  OK   D-F4-5 cerrada: un broker de OTRO equipo ya NO puede revisar (403)
  OK   D-F4-5: conformar en bloque tambien exige alcance (403)
  OK   conformar devuelve el expediente COMPLETO
  OK   conformar respeta al OBSERVADO (hallazgo deliberado del broker)
  OK   y deja VALIDADO todo lo que estaba pendiente

== 8. Reenvio a evaluacion y decision del broker ==
  OK   reenviar deja la solicitud EN REVISION (E)
  OK   no se reenvia desde EN REVISION
  OK   el AGENTE no entra a /evaluaciones (403)
  OK   tipoEvaluacion ausente es 400 (se ignora su valor, no su presencia)
  OK   con tipo y resultado invalidos gana el mensaje del TIPO
  OK   la evaluacion SI exige supervision (a diferencia de revisar)
  OK   el tipo se DERIVA del resultado: OBSERVADA => OBSERVACION
  OK   la evaluacion movio la solicitud a OBSERVADA
  OK   el historial por solicitud SI lo ve el agente dueno
  OK   APROBADA => tipo FINAL (se pisa el "P" que mando el cliente)
  OK   la solicitud quedo APROBADA
  OK   solo cabe UNA evaluacion final por solicitud
  OK   GET /evaluaciones pagina en SQL y devuelve las del broker
  OK   GET /evaluaciones/{id} resuelve la ficha

== 9. POST /contratos: la cascada de SIETE efectos (§6) ==
  OK   sin idSolicitud responde el mensaje del cable
  OK   un estado que no existe en el enum
  OK   un estado valido que no es de cierre
  OK   la fecha de cierre no puede ser futura
  OK   el contrato SI exige que la solicitud sea del agente (403)
  OK   el BROKER no cierra (403): el cierre lo registra el agente
  OK   POST /contratos responde 201 y el contrato queda VIGENTE
  OK   las condiciones se LEEN de la solicitud, no se copian
  OK   la fecha fin se deriva (inicio + plazo)
  OK   efecto 2: la comision nace P con la bruta (5% de 8000 = 400)
  OK   efecto 2: renta y comision conservan PEN sin conversion
  OK   efecto 3: la oportunidad se cerro EXITOSA (F)
  OK   efecto 4: la solicitud quedo CERRADA (C)
  OK   efecto 5: la captacion se cerro con fecha y motivo de alquiler
  OK   efecto 6: el local conserva registro A y disponibilidad A (alquilado)
  OK   efecto 6: se registro el precio con hito C (cerrado real)
  OK   efecto 6: las publicaciones se dieron de baja
  OK   la cascada dejo CUATRO filas en historial_estado (MEJ-01)
  OK   el contrato NACE con iniciar(): no suma fila propia
  OK   una oportunidad no admite un segundo contrato

== 10. Lectura de contratos y comision (§5) ==
  OK   GET /contratos/oportunidad/{id} resuelve el contrato
  OK   el tamano por defecto de /contratos es 100, no 10
  OK   el BROKER alcanza por CAPTACION supervisada
  OK   el BROKER de otro equipo no lo ve
  OK   los gates de comision son del BROKER SIN admin (403)
  OK   asignar exige el monto del agente
  OK   un broker que no supervisa la captacion recibe 403
  OK   asignar fija el monto del agente
  OK   y el de la empresa se calcula solo (400 - 250 = 150)
  OK   el AGENTE no ve el reparto (Jackson non_null: ni viajan)
  OK   pero SI ve la comision bruta y su estado
  OK   el ADMIN si ve el reparto (solo lectura)
  OK   el cobro exige el estado
  OK   el cobro solo admite Cobrada o Anulada
  OK   el cobro deja la comision C
  OK   el estado viaja como codigo y la forma de pago conserva su catalogo
  OK   el cobro se audito en la comision

== 11. Contrato de errores y tenancy ==
  OK   sin token responde 401
  OK   una solicitud inexistente responde 404
  OK   un contrato inexistente responde 404
  OK   el metodo equivocado es 405, no 500
  OK   contrato, comision y documentos nacen con tenant
  OK   cero filas con organizacion_id NULL en toda la BD

===== 116 OK / 0 FALLAS =====
 Container controllocal-api-e2e-20260806072317-1831 Stopping 
 Container controllocal-api-e2e-20260806072317-1831 Stopped 
 Container controllocal-api-e2e-20260806072317-1831 Removing 
 Container controllocal-api-e2e-20260806072317-1831 Removed 
 Container controllocal-postgres-e2e-20260806072317-1831 Stopping 
 Container controllocal-postgres-e2e-20260806072317-1831 Stopped 
 Container controllocal-postgres-e2e-20260806072317-1831 Removing 
 Container controllocal-postgres-e2e-20260806072317-1831 Removed 
 Network controllocal-e2e-20260806072317-1831_default Removing 
 Network controllocal-e2e-20260806072317-1831_default Removed 
Base controllocal_e2e_20260806072317_1831 y su entorno eliminados en 1.6 s.
Entorno 20260806072317-1831 eliminado: sin contenedores, volumenes ni red residuales.

== Entorno E2E aislado 20260806072509-3838 ==
Base: controllocal_e2e_20260806072509_3838
 Network controllocal-e2e-20260806072509-3838_default Creating 
 Network controllocal-e2e-20260806072509-3838_default Created 
 Container controllocal-postgres-e2e-20260806072509-3838 Creating 
 Container controllocal-postgres-e2e-20260806072509-3838 Created 
 Container controllocal-api-e2e-20260806072509-3838 Creating 
 Container controllocal-api-e2e-20260806072509-3838 Created 
 Container controllocal-postgres-e2e-20260806072509-3838 Starting 
 Container controllocal-postgres-e2e-20260806072509-3838 Started 
 Container controllocal-postgres-e2e-20260806072509-3838 Waiting 
 Container controllocal-postgres-e2e-20260806072509-3838 Healthy 
 Container controllocal-api-e2e-20260806072509-3838 Starting 
 Container controllocal-api-e2e-20260806072509-3838 Started 
 Container controllocal-postgres-e2e-20260806072509-3838 Waiting 
 Container controllocal-api-e2e-20260806072509-3838 Waiting 
 Container controllocal-postgres-e2e-20260806072509-3838 Healthy 
 Container controllocal-api-e2e-20260806072509-3838 Healthy 

== Suite f6-f7-alertas-tareas / corrida 20260806072509-3838 ==

== 1. Login ==
  OK   login agente (AGE-001)
  OK   login broker supervisor (BRK-001)
  OK   login broker de otro equipo (BRK-002)
  OK   login admin

== 2. La campana: forma, alcance y el GET que ESCRIBE ==
  OK   el tamano por defecto de /alertas es 20, no 10
  OK   la campana solo muestra ACTIVAS
  OK   ordenadas por fecha de generacion descendente
  OK   el vocabulario viaja con el NOMBRE del enum, no CHAR(1)
  OK   el GET materializa las alertas de recontacto vencido (D-F6-2)
  OK   y no duplica: ni por el throttle ni por el "ya existe una activa"
  OK   el BROKER supervisor ve las alertas de su equipo
  OK   el BROKER de otro equipo no ve las de este agente
  OK   el ADMIN ve todo el tenant

== 3. Atender: los DOS verbos y el false que no es error ==
  OK   POST atender responde {"atendida": true}
  OK   PATCH es el MISMO endpoint y la 2a vez responde false (D-F6-6)
  OK   atender sella la fecha de resolucion
  OK   y la saca de la campana
  OK   una alerta inexistente responde 404 (no 403: no confirma que exista)

== 4. Prologo: cartera nueva, emitiendo alertas por el camino ==
  OK   F2: cambiar el metraje emite "Modificacion comercial sensible"
  OK   y lo hace con el tipo EQUIVOCADO del cable (bug congelado, D-F6-5)
  OK   su entidad es INMUEBLE, que la v2 llama PROPIEDAD (D-F6-4)
  OK   y viaja SIN ruta: ruta() no enruta INMUEBLE (cable real)
  OK   captar NO avisa al broker: crea la captacion saltandose el alta (hueco del cable)
  OK   POST /captaciones SI avisa al BROKER (CAPTACION_CREADA)
  OK   el aviso al broker cuelga del AGENTE (no hay columna de destinatario)
  OK   F2: observar avisa al AGENTE con severidad MEDIA
  OK   y el detalle es literal ": " + observacion
  OK   aprobar avisa con severidad INFO (la derivada del desenlace)

== 5. Las emisiones de F4 (solicitud, documentos, evaluacion) ==
  OK   subir documento con la solicitud REGISTRADA NO avisa (aun no la evaluan)
  OK   F4: reenviar a evaluacion avisa al broker (SOLICITUD_REENVIADA)
  OK   ahora SI avisa: el expediente cambio mientras lo evaluaban
  OK   y el mensaje nombra el archivo
  OK   F4: observar un documento avisa al agente
  OK   el mensaje nombra el TIPO del documento, no el archivo
  OK   conformar NO avisa (no hay nada que subsanar)
  OK   F4: evaluar OBSERVADA avisa con severidad MEDIA
  OK   y el mensaje lleva la DESCRIPCION del resultado, no su codigo

== 6. La bandeja del agente (F7) ==
  OK   GET /tareas devuelve una LISTA PELADA, sin sobre de paginacion
  OK   y como mucho 10 acciones (el resto se descarta en silencio)
  OK   disparador 4: la solicitud OBSERVADA pide SUBIR_DOCUMENTOS
  OK   con prioridad ALTA
  OK   su Resolver enruta por CODIGO de solicitud, no por id
  OK   la bandeja sale ordenada: ALTA antes que MEDIA
  OK   disparador 1: diasSinAccion se cuenta desde el PLAZO de la entidad, no desde la tarea
  OK   y su vencimiento es la fecha de recontacto de la prospeccion
  OK   el reconcile es IDEMPOTENTE: releer no duplica
  OK   cancelar la saca de la bandeja (soft-cancel, no borra)
  OK   la fila sigue en la BD como A (cancelada)
  OK   y NO revive aunque el disparador siga vigente (§5.2, trampa 1)
  OK   /tareas/pendientes SI lleva sobre, con tamano por defecto 5
  OK   el BROKER no entra a la bandeja (403)
  OK   el ADMIN tampoco: es el unico recurso sin acceso de admin
  OK   cancelar una tarea ajena no se permite

== 7. El cierre: efecto 7 de la cascada de F4 ==
  OK   evaluar APROBADA avisa con severidad INFO
  OK   disparador 2: una solicitud APROBADA pide SEGUIMIENTO del cierre
  OK   efecto 7: el cierre avisa al broker (OPORTUNIDAD_CERRADA)
  OK   efecto 7: y da por hechas las tareas abiertas de las 4 entidades
  OK   F4: asignar la comision avisa al agente (COMISION_ASIGNADA)
  OK   el aviso NO expone el monto neto (regla de privacidad del cable)
  OK   un reajuste NO repite el aviso: solo la PRIMERA asignacion
  OK   F4: cobrar avisa al agente (COMISION_COBRADA)
  OK   F2: cerrar la captacion en la cascada NO usa el aviso de cierre manual

== 8. Contrato de errores y tenancy ==
  OK   sin token, la campana responde 401
  OK   alertas y tareas nacen con tenant
  OK   ninguna alerta atendida se queda sin fecha de resolucion
  OK   ninguna tarea completada se queda sin fecha
  OK   no hay dos tareas ABIERTAS de la misma entidad y agente
  OK   cero filas con organizacion_id NULL en toda la BD

===== 68 OK / 0 FALLAS =====
 Container controllocal-api-e2e-20260806072509-3838 Stopping 
 Container controllocal-api-e2e-20260806072509-3838 Stopped 
 Container controllocal-api-e2e-20260806072509-3838 Removing 
 Container controllocal-api-e2e-20260806072509-3838 Removed 
 Container controllocal-postgres-e2e-20260806072509-3838 Stopping 
 Container controllocal-postgres-e2e-20260806072509-3838 Stopped 
 Container controllocal-postgres-e2e-20260806072509-3838 Removing 
 Container controllocal-postgres-e2e-20260806072509-3838 Removed 
 Network controllocal-e2e-20260806072509-3838_default Removing 
 Network controllocal-e2e-20260806072509-3838_default Removed 
Base controllocal_e2e_20260806072509_3838 y su entorno eliminados en 2.1 s.
Entorno 20260806072509-3838 eliminado: sin contenedores, volumenes ni red residuales.

== Entorno E2E aislado 20260806072619-5477 ==
Base: controllocal_e2e_20260806072619_5477
 Network controllocal-e2e-20260806072619-5477_default Creating 
 Network controllocal-e2e-20260806072619-5477_default Created 
 Container controllocal-postgres-e2e-20260806072619-5477 Creating 
 Container controllocal-postgres-e2e-20260806072619-5477 Created 
 Container controllocal-api-e2e-20260806072619-5477 Creating 
 Container controllocal-api-e2e-20260806072619-5477 Created 
 Container controllocal-postgres-e2e-20260806072619-5477 Starting 
 Container controllocal-postgres-e2e-20260806072619-5477 Started 
 Container controllocal-postgres-e2e-20260806072619-5477 Waiting 
 Container controllocal-postgres-e2e-20260806072619-5477 Healthy 
 Container controllocal-api-e2e-20260806072619-5477 Starting 
 Container controllocal-api-e2e-20260806072619-5477 Started 
 Container controllocal-api-e2e-20260806072619-5477 Waiting 
 Container controllocal-postgres-e2e-20260806072619-5477 Waiting 
 Container controllocal-postgres-e2e-20260806072619-5477 Healthy 
 Container controllocal-api-e2e-20260806072619-5477 Healthy 

== Suite personas / corrida 20260806072619-5477 ==

== 1. Login ==
  OK   login agente
  OK   login broker
  OK   login admin

== 2. Alta de propietario (el AGENTE es quien registra) ==
  OK   el BROKER no puede registrar (403)
  OK   el alta responde 201 con id
  OK   nace ACTIVO sin mandar estado
  OK   el contador arranca en 0
  OK   el id del cable es el persona_rol del rol PROPIETARIO
  OK   y nace con el tenant estampado
  OK   el rol nace VIGENTE

== 3. Validaciones (mensajes del cable) ==
  OK   sin Content-Type el recurso responde 415, no 500
  OK   tipo de persona invalido
  OK   el DNI exige 8 digitos
  OK   el RUC exige 11 digitos
  OK   el nombre es obligatorio
  OK   un documento repetido responde 409, no 400

== 4. Lectura y catalogo compartido ==
  OK   GET {id} resuelve la ficha
  OK   con los datos de la persona
  OK   y su fecha de creacion
  OK   el catalogo es COMPARTIDO: agente y admin ven el mismo universo
  OK   y el total cuadra con la BD
  OK   el recien creado sale primero (orden: ultimo creado)
  OK   un propietario inexistente responde 404

== 5. contarLocalesEnSeguimiento (SQL nativo, UNION de 2 ramas) ==
  OK   un propietario sin locales cuenta 0
  OK   el seed tiene algun propietario con locales en seguimiento
  OK   ADMIN: cantidadLocales cuadra con el UNION sin filtro de rol
  OK   y no duplica el local que tiene captacion Y prospeccion (count distinct)
  OK   AGENTE: el contador es el suyo y nunca supera al del ADMIN
  OK   AGENTE: y cuadra con el UNION filtrado por su rol

== 6. idsPropietarioDelBroker (SQL nativo, alcance del BROKER) ==
  OK   el BROKER SI queda acotado (ve menos que el catalogo)
  OK   y su total cuadra con el UNION de equipo + captaciones que revisa
  OK   un propietario fuera de su alcance responde 403, no 404

== 7. Actualizacion ==
  OK   el BROKER no puede editar (403)
  OK   el PUT reemplaza nombre, telefono y correo
  OK   y NO toca el documento ni el tipo de persona
  OK   el PUT responde el contador en 0 (el cable no lo recalcula)
  OK   el PUT revalida la persona entera (nombre obligatorio)

== 8. Baja logica ==
  OK   el BROKER no puede dar de baja (403)
  OK   la baja deja la PERSONA inactiva, no borra fila
  OK   y el rol sigue existiendo (baja logica, no fisica)
  OK   dar de baja uno inexistente responde 404

== 9. Brokers: lectura, alta Party-Role y actualizacion ==
  OK   cualquier usuario autenticado puede listar brokers
  OK   GET broker expone el usuario y el contador de equipo
  OK   solo ADMIN puede registrar brokers (403)
  OK   ya se admite un segundo administrador (D-31)
  OK   y NO carga la marca heredada, que sigue siendo unica
  OK   gobierna por su membresia, no por el booleano
  OK   ADMIN registra broker y obtiene el id del rol BROKER
  OK   el POST ignora estado y nace ACTIVO
  OK   el alta crea PERSONA + USUARIO_INTERNO + BROKER en el mismo tenant
  OK   la credencial y el detalle comparten la organizacion del rol
  OK   un broker nuevo empieza sin agentes
  OK   PUT broker reemplaza solo los campos editables
  OK   PUT broker ignora documento, usuario, codigo y bandera ADMIN

== 10. Agentes: alcance, alta, contadores y actualizacion ==
  OK   un AGENTE no puede consumir /agentes (403)
  OK   ADMIN ve el catalogo de agentes de su organizacion
  OK   BROKER ve solo su equipo activo
  OK   el BROKER ya no registra agentes (fila 17)
  OK   el alta exige el broker supervisor explicito
  OK   el TENANT_ADMIN registra un agente con contadores iniciales en cero
  OK   el alta crea PERSONA + USUARIO_INTERNO + AGENTE
  OK   y una supervision vigente con el motivo inicial congelado
  OK   la credencial creada autentica con rol AGENTE
  OK   login del broker alterno para probar alcance de escritura
  OK   un broker no modifica agentes, ni de otro equipo ni del suyo (fila 18)
  OK   PUT agente reemplaza los campos editables
  OK   PUT agente ignora documento, usuario y codigo
  OK   el PUT conserva la rareza del cable: contadores en cero
  OK   el seed contiene a vmora para contrastar contadores
  OK   captacionesActivas cuadra con PENDIENTE/OBSERVADA/ACTIVA
  OK   operacionesActivas cuadra con ABIERTA/SOLICITUD_CREADA
  OK   /brokers/{id}/agentes incluye el alta del equipo

== 11. Perfil: telefono y foto ==
  OK   GET /perfil devuelve la persona autenticada
  OK   PATCH conserva el mensaje de telefono invalido
  OK   PATCH recorta y persiste solo el telefono
  OK   la foto rechaza extensiones fuera de PNG/JPG
  OK   la foto rechaza base64 invalido
  OK   la foto valida devuelve una clave opaca
  OK   la clave queda persistida en persona.foto_clave
  OK   GET /perfil refleja telefono y foto actualizados

== 12. Asignaciones: autorizacion, transaccion e historial V10 ==
  OK   un BROKER no puede listar asignaciones (403)
  OK   un AGENTE no puede listar asignaciones (403)
  OK   ADMIN lista agentes con su broker actual
  OK   ADMIN lista brokers y el nuevo empieza con cero agentes
  OK   reasignar exige agente y broker destino
  OK   el administrador no se usa como supervisor destino
  OK   la respuesta identifica agente, origen y destino
  OK   y ya no atribuye la reasignacion a un rol de broker
  OK   la supervision anterior queda cerrada
  OK   queda exactamente una supervision activa con el destino
  OK   V10 persiste un evento inmutable con tenant, autor y motivo
  OK   el historial devuelve primero el evento recien creado
  OK   reasignar al supervisor actual conserva el mensaje congelado
  OK   el equipo del broker destino refleja la reasignacion
  OK   el contador del broker destino sube a uno

== 13. Tenancy: invariantes y aislamiento por API ==
  OK   sin token responde 401
  OK   cero personas con organizacion_id NULL
  OK   cero roles con organizacion_id NULL
  OK   se crea el fixture de una segunda organizacion
  OK   el login rechaza credenciales de un tenant no habilitado
  OK   /brokers no mezcla la segunda organizacion en el tenant legado
  OK   el ADMIN legado no puede resolver el broker de la otra organizacion
  OK   el fixture de segunda organizacion se retira al terminar

== Ficha del agente (GET /agentes/{id}) ==
  OK   el catalogo de agentes trae al menos uno para la ficha
  OK   la ficha responde el mismo agente que el catalogo
  OK   la ficha trae la supervision vigente con nombre de broker
  OK   la ficha reparte las captaciones por estado, no un total suelto
  OK   la ficha separa las SEIS magnitudes de comision
  OK   pendiente de cobro = generada - cobrada, por moneda y sin negativos
  OK   los cierres de la ficha salen de la atribucion historica (V27)
  OK   la ficha de un agente inexistente responde 404
  OK   el AGENTE no entra al recurso de agentes (403)

== Busqueda y cubos del catalogo ==
  OK   el texto filtra en el servidor y encuentra al agente buscado
  OK   el texto ACOTA el conjunto (no devuelve el catalogo entero)
  OK   un texto sin coincidencias devuelve vacio y total 0
  OK   el resumen de agentes cuadra con el total del listado
  OK   los cubos administrativos suman el total
  OK   los cubos operativos suman el total
  OK   el cubo de activos coincide con el filtro de la lista
  OK   el resumen respeta el mismo texto que la lista
  OK   el BROKER solo alcanza a los agentes que supervisa

== Busqueda y cubos de propietarios ==
  OK   el texto de propietarios filtra en el servidor por documento
  OK   propietarios: un texto sin coincidencias devuelve vacio
  OK   el resumen de propietarios cuadra con el listado
  OK   los cubos de propietarios suman el total
  OK   omitir los filtros conserva el cable congelado (orden id desc)

===== 126 OK / 0 FALLAS =====
 Container controllocal-api-e2e-20260806072619-5477 Stopping 
 Container controllocal-api-e2e-20260806072619-5477 Stopped 
 Container controllocal-api-e2e-20260806072619-5477 Removing 
 Container controllocal-api-e2e-20260806072619-5477 Removed 
 Container controllocal-postgres-e2e-20260806072619-5477 Stopping 
 Container controllocal-postgres-e2e-20260806072619-5477 Stopped 
 Container controllocal-postgres-e2e-20260806072619-5477 Removing 
 Container controllocal-postgres-e2e-20260806072619-5477 Removed 
 Network controllocal-e2e-20260806072619-5477_default Removing 
 Network controllocal-e2e-20260806072619-5477_default Removed 
Base controllocal_e2e_20260806072619_5477 y su entorno eliminados en 1.6 s.
Entorno 20260806072619-5477 eliminado: sin contenedores, volumenes ni red residuales.

== Entorno E2E aislado 20260806072744-7807 ==
Base: controllocal_e2e_20260806072744_7807
 Network controllocal-e2e-20260806072744-7807_default Creating 
 Network controllocal-e2e-20260806072744-7807_default Created 
 Container controllocal-postgres-e2e-20260806072744-7807 Creating 
 Container controllocal-postgres-e2e-20260806072744-7807 Created 
 Container controllocal-api-e2e-20260806072744-7807 Creating 
 Container controllocal-api-e2e-20260806072744-7807 Created 
 Container controllocal-postgres-e2e-20260806072744-7807 Starting 
 Container controllocal-postgres-e2e-20260806072744-7807 Started 
 Container controllocal-postgres-e2e-20260806072744-7807 Waiting 
 Container controllocal-postgres-e2e-20260806072744-7807 Healthy 
 Container controllocal-api-e2e-20260806072744-7807 Starting 
 Container controllocal-api-e2e-20260806072744-7807 Started 
 Container controllocal-api-e2e-20260806072744-7807 Waiting 
 Container controllocal-postgres-e2e-20260806072744-7807 Waiting 
 Container controllocal-api-e2e-20260806072744-7807 Healthy 
 Container controllocal-postgres-e2e-20260806072744-7807 Healthy 

== Suite reportes-propietario / corrida 20260806072744-7807 ==

== 1. Login y actores ==
  OK   login del agente propietario de la captacion
  OK   login del agente de otro equipo
  OK   login del broker supervisor
  OK   login del broker ajeno
  OK   login del administrador

== 2. Fixture E2 aislado y actividad real ==
  OK   se crea un local aislado para E2
  OK   se crea una captacion propia con reloj vencido
  OK   el broker supervisor activa la captacion E2
  OK   se prepara una oportunidad aislada para los agregados

== 3. Lista vacia, alcance y errores de lectura ==
  OK   la captacion nueva empieza sin reportes
  OK   el broker supervisor puede listar
  OK   el administrador puede listar
  OK   un agente ajeno recibe 403
  OK   un broker ajeno recibe 403
  OK   una captacion inexistente responde 404
  OK   sin token responde 401
  OK   PUT no existe y conserva 405
  OK   DELETE no existe y conserva 405

== 4. Preview derivado, inclusivo y visible por rol ==
  OK   preview cuenta interacciones directas y de oportunidades
  OK   preview solo cuenta visitas REALIZADAS del periodo
  OK   preview agrupa y ordena objeciones por frecuencia
  OK   el rango incluye ambos extremos y excluye la actividad anterior
  OK   el broker supervisor obtiene el mismo preview
  OK   el administrador obtiene el mismo preview
  OK   sin limites, el preview conserva el rango abierto del cable
  OK   una fecha de query invalida responde 400 con el valor recibido

== 5. Integracion previa con la tarea periodica F7 ==
  OK   sin reporte, F7 materializa la tarea vencida de 15 dias

== 6. Gates y validaciones del alta ==
  OK   el cuerpo es obligatorio con el mensaje congelado
  OK   el fin anterior al inicio responde 400 con el mensaje congelado
  OK   un canal desconocido responde 400
  OK   el broker no puede registrar reportes
  OK   el administrador no puede registrar reportes
  OK   un agente ajeno no puede registrar reportes

== 7. Alta autoritativa y persistencia ==
  OK   POST responde exactamente 201
  OK   el 201 identifica captacion y agente por rol operativo
  OK   el servidor ignora los contadores manipulados del cliente
  OK   el servidor ignora las objeciones manuales del cliente
  OK   los ajustes recomendados siguen siendo manuales
  OK   canal nulo aplica EMAIL por defecto
  OK   fechaReporte es hoy y fechaCreacion viaja en el 201
  OK   la fila PostgreSQL conserva los derivados y el tenant

== 8. Listado, canales y reinicio de F7 ==
  OK   el listado incluye el reporte creado
  OK   el listado es una lista pelada, no un sobre paginado
  OK   los siete codigos de canal del cable son aceptados
  OK   el listado conserva fechaReporte descendente
  OK   registrar el reporte reinicia la cadencia y completa la tarea F7
  OK   F7 puede leer el ultimo reporte de la captacion

== 9. Aislamiento real de tenant y cleanup temporal ==
  OK   se crea el fixture E2 de una segunda organizacion
  OK   el ADMIN legado recibe 404 para una captacion de otro tenant
  OK   el fixture de segunda organizacion se retira al terminar

===== 50 OK / 0 FALLAS =====
 Container controllocal-api-e2e-20260806072744-7807 Stopping 
 Container controllocal-api-e2e-20260806072744-7807 Stopped 
 Container controllocal-api-e2e-20260806072744-7807 Removing 
 Container controllocal-api-e2e-20260806072744-7807 Removed 
 Container controllocal-postgres-e2e-20260806072744-7807 Stopping 
 Container controllocal-postgres-e2e-20260806072744-7807 Stopped 
 Container controllocal-postgres-e2e-20260806072744-7807 Removing 
 Container controllocal-postgres-e2e-20260806072744-7807 Removed 
 Network controllocal-e2e-20260806072744-7807_default Removing 
 Network controllocal-e2e-20260806072744-7807_default Removed 
Base controllocal_e2e_20260806072744_7807 y su entorno eliminados en 1.5 s.
Entorno 20260806072744-7807 eliminado: sin contenedores, volumenes ni red residuales.

== Entorno E2E aislado 20260806072906-4762 ==
Base: controllocal_e2e_20260806072906_4762
 Network controllocal-e2e-20260806072906-4762_default Creating 
 Network controllocal-e2e-20260806072906-4762_default Created 
 Container controllocal-postgres-e2e-20260806072906-4762 Creating 
 Container controllocal-postgres-e2e-20260806072906-4762 Created 
 Container controllocal-api-e2e-20260806072906-4762 Creating 
 Container controllocal-api-e2e-20260806072906-4762 Created 
 Container controllocal-postgres-e2e-20260806072906-4762 Starting 
 Container controllocal-postgres-e2e-20260806072906-4762 Started 
 Container controllocal-postgres-e2e-20260806072906-4762 Waiting 
 Container controllocal-postgres-e2e-20260806072906-4762 Healthy 
 Container controllocal-api-e2e-20260806072906-4762 Starting 
 Container controllocal-api-e2e-20260806072906-4762 Started 
 Container controllocal-postgres-e2e-20260806072906-4762 Waiting 
 Container controllocal-api-e2e-20260806072906-4762 Waiting 
 Container controllocal-postgres-e2e-20260806072906-4762 Healthy 
 Container controllocal-api-e2e-20260806072906-4762 Healthy 

== Suite ficha-comercial / corrida 20260806072906-4762 ==

== 1. Login y actores ==
  OK   login del agente responsable
  OK   login del agente ajeno
  OK   login del broker supervisor
  OK   login del broker ajeno
  OK   login del administrador

== 2. Fixture transversal identificable de E3 ==
  OK   se crea el propietario E3
  OK   se crea el cliente E3
  OK   se crea el local E3
  OK   se activa la captacion E3
  OK   el fixture cubre demanda, oferta, cierre y liquidacion
  OK   POST /contratos ejecuta la cascada E3 (local A alquilado, captacion C, publicacion C)

== 3. Ficha completa del cliente y carga parcial ==
  OK   la cabecera identifica al cliente
  OK   detecta requerimiento activo
  OK   solo el agente recibe el CTA congelado
  OK   las ocho secciones conservan orden
  OK   page_size gana a tamano en la ficha completa
  OK   las otras secciones del cliente quedan pendientes

== 4. Once secciones distintas y paginacion ==
  OK   cliente/requerimientos responde con filas
  OK   cliente/propiedades responde con filas
  OK   cliente/oportunidades responde con filas
  OK   cliente/interacciones responde con filas
  OK   cliente/visitas responde con filas
  OK   cliente/solicitudes responde con filas
  OK   cliente/cierres responde con filas
  OK   cliente/agentes responde con filas
  OK   page y page_size ganan y se limitan a 1..8
  OK   pagina y tamano funcionan como aliases
  OK   propietario/locales responde con filas
  OK   propietario/prospecciones responde con filas
  OK   propietario/captaciones responde con filas
  OK   propietario/oportunidades responde con filas
  OK   propietario/solicitudes responde con filas
  OK   propietario/cierres responde con filas
  OK   propietario/agentes responde con filas

== 5. Ficha completa del propietario y carga parcial ==
  OK   la cabecera identifica al propietario
  OK   cantidadLocales conserva el cero legacy
  OK   las siete secciones conservan orden
  OK   locales carga la primera pagina
  OK   prospecciones resume total sin cargar items
  OK   captaciones resume total sin cargar items
  OK   cierres queda como marcador pendiente

== 6. Privacidad y alcance por rol ==
  OK   el agente ve solo su oportunidad y su nombre se oculta
  OK   la seccion agentes queda vacia para AGENTE
  OK   otro agente puede abrir la ficha y ve requerimientos sin dueno
  OK   otro agente no ve historia ajena ni agentes
  OK   el broker supervisor ve la historia de su equipo
  OK   otro agente puede abrir propietario pero no ve locales ajenos
  OK   broker sin historia visible recibe 403 en cliente
  OK   broker sin historia visible recibe 403 en propietario

== 7. Errores congelados y superficie solo lectura ==
  OK   seccion invalida de cliente conserva 400 y texto exacto
  OK   seccion invalida de propietario conserva 400 y texto exacto
  OK   la ficha de cliente exige token
  OK   la ficha de propietario exige token
  OK   cliente inexistente responde 404
  OK   propietario inexistente responde 404
  OK   POST sobre ficha de cliente responde 405
  OK   PUT sobre ficha de propietario responde 405

== 8. Aislamiento de organizacion y limpieza temporal ==
  OK   cliente de otro tenant se comporta como inexistente
  OK   propietario de otro tenant se comporta como inexistente
  OK   el fixture temporal del segundo tenant queda eliminado
  OK   los registros E3 quedan identificables en desarrollo

===== 61 OK / 0 FALLAS =====
 Container controllocal-api-e2e-20260806072906-4762 Stopping 
 Container controllocal-api-e2e-20260806072906-4762 Stopped 
 Container controllocal-api-e2e-20260806072906-4762 Removing 
 Container controllocal-api-e2e-20260806072906-4762 Removed 
 Container controllocal-postgres-e2e-20260806072906-4762 Stopping 
 Container controllocal-postgres-e2e-20260806072906-4762 Stopped 
 Container controllocal-postgres-e2e-20260806072906-4762 Removing 
 Container controllocal-postgres-e2e-20260806072906-4762 Removed 
 Network controllocal-e2e-20260806072906-4762_default Removing 
 Network controllocal-e2e-20260806072906-4762_default Removed 
Base controllocal_e2e_20260806072906_4762 y su entorno eliminados en 2.3 s.
Entorno 20260806072906-4762 eliminado: sin contenedores, volumenes ni red residuales.

== Entorno E2E aislado 20260806073041-4321 ==
Base: controllocal_e2e_20260806073041_4321
 Network controllocal-e2e-20260806073041-4321_default Creating 
 Network controllocal-e2e-20260806073041-4321_default Created 
 Container controllocal-postgres-e2e-20260806073041-4321 Creating 
 Container controllocal-postgres-e2e-20260806073041-4321 Created 
 Container controllocal-api-e2e-20260806073041-4321 Creating 
 Container controllocal-api-e2e-20260806073041-4321 Created 
 Container controllocal-postgres-e2e-20260806073041-4321 Starting 
 Container controllocal-postgres-e2e-20260806073041-4321 Started 
 Container controllocal-postgres-e2e-20260806073041-4321 Waiting 
 Container controllocal-postgres-e2e-20260806073041-4321 Healthy 
 Container controllocal-api-e2e-20260806073041-4321 Starting 
 Container controllocal-api-e2e-20260806073041-4321 Started 
 Container controllocal-api-e2e-20260806073041-4321 Waiting 
 Container controllocal-postgres-e2e-20260806073041-4321 Waiting 
 Container controllocal-api-e2e-20260806073041-4321 Healthy 
 Container controllocal-postgres-e2e-20260806073041-4321 Healthy 

== Suite e4-dashboard / corrida 20260806073041-4321 ==

== 1. Login y actores ==
  OK   login del agente
  OK   login del agente de otro equipo
  OK   login del broker supervisor
  OK   login del administrador

== 2. Los tres recursos abren para los tres roles ==
  OK   el ambito del ADMIN es global
  OK   el ambito del BROKER es de equipo
  OK   el ambito del AGENTE es personal
  OK   ningun rol recibe 403 en /indicadores/resumen (el cable no lleva gate)
  OK   el ambito del avance del AGENTE es personal
  OK   el ambito del avance del ADMIN es global
  OK   el ambito del avance del BROKER es de equipo

== 3. Periodo: ventanas, etiquetas y sinonimos ==
  OK   periodo 7d da 7 cubos diarios
  OK   periodo 15 (sinonimo) da 15 cubos
  OK   periodo mes (sinonimo de 1m) da 30 cubos
  OK   la etiqueta diaria es dd/MM
  OK   sin periodo cae en 6 meses con serie mensual
  OK   un periodo desconocido cae en el mismo 6 meses
  OK   las tres series comparten longitud con las etiquetas
  OK   ninguna conversion por periodo supera 100
  OK   conversionPropia nunca supera 100

== 4. Forma congelada del resumen ==
  OK   el donut trae las 5 etapas con sus nombres exactos
  OK   la salud trae los 4 cubos con sus nombres exactos
  OK   el embudo trae los 4 tramos con sus nombres exactos
  OK   la primera fila del embudo lleva 100 fijo
  OK   captacionesPendientes duplica captacionesPorRevisar (cable)
  OK   el operativo trae sus 6 campos
  OK   el desempeno corta en 8 filas
  OK   el desempeno del ADMIN compara brokers, no agentes
  OK   el AGENTE cuenta 1 agente activo y 0 brokers
  OK   el BROKER cuenta 1 broker activo y su equipo

== 5. Fixture identificable de E4 ==
  OK   se crea el propietario E4
  OK   se crea el local E4 en Barranco
  OK   la captacion nace PENDIENTE de revision
  OK   se activa la captacion del avance
  OK   la solicitud del fixture llega a EN EVALUACION por el camino real
  OK   el alta de la solicitud dejo la oportunidad en S (efecto lateral del cable)
  OK   el fixture cubre prospeccion, oportunidad, visita, interaccion y solicitud

== 6. Deltas del resumen del agente ==
  OK   captacionesTotales sube 2 (las dos nacidas hoy)
  OK   captacionesActivas sube 1
  OK   captacionesPorRevisar sube 1
  OK   propiedadesEquipo sube 1 (solo la ACTIVA cuenta)
  OK   oportunidadesActivas sube 1 (estado S cuenta como activa)
  OK   solicitudesPorEvaluar sube 1 (estado E)
  OK   visitas del periodo sube 1
  OK   interacciones del periodo sube 1
  OK   salud Activas sube 1 y Por revisar sube 1 en la ventana
  OK   la captacion con solicitud E cae en "En evaluacion" del donut
  OK   la captacion PENDIENTE no entra en ninguna etapa del donut
  OK   el embudo sube su base y su tramo con visita
  OK   el embudo cuenta la oportunidad S como "con solicitud creada"
  OK   el recontacto atrasado 11 dias cuenta como vencido
  OK   la solicitud en E no cuenta como "sin cierre" (solo la aprobada)
  OK   el agente aparece en su propio desempeno con sus captaciones

== 7. El alcance de indicadores es SOLO por agente ==
  OK   el agente de otro equipo no ve las captaciones del fixture
  OK   el broker supervisor ve las captaciones de su agente
  OK   el admin ve el tenant completo

== 8. Avance comercial (RF-017) ==
  OK   la captacion ACTIVA aparece en el avance
  OK   la captacion PENDIENTE no aparece en el avance
  OK   la fila del avance trae direccion, distrito y estado comercial
  OK   la fila cuenta 1 oportunidad, con visita y con solicitud
  OK   la fila separa visitas concretadas de programadas
  OK   la fila cuenta 1 interesado, 1 interaccion y 1 solicitud
  OK   las tasas de la fila son 100 y no superan 100
  OK   sin motivo de no continuidad la columna viaja vacia
  OK   la oportunidad en S no cuenta como abierta
  OK   el agregado del avance cuadra con el detalle

== 9. Dashboard ==
  OK   el dashboard reusa el mismo resumen de indicadores
  OK   el tamano por defecto de la bandeja es 5
  OK   la bandeja arranca en la pagina 1
  OK   la bandeja del agente lleva a lo sumo 5 items y no mas que su total
  OK   el BROKER recibe bandeja VACIA, no 403
  OK   el ADMIN recibe bandeja vacia con el pageSize que pidio
  OK   el dashboard respeta el periodo

== 10. Seguimiento comercial: las cinco etapas ==
  OK   la busqueda libre encuentra las 5 filas del fixture por codigo
  OK   la prospeccion trae icono store, tono blue y su ruta
  OK   la captacion trae icono pin y ruta por codigo
  OK   solo la captacion PENDIENTE trae rutaRevision
  OK   la captacion ACTIVA no trae rutaRevision
  OK   la oportunidad trae icono target, tono info y su cliente
  OK   la solicitud trae icono fileText, monto plano y ruta de evaluacion
  OK   prospeccion y captacion mandan cliente "-" y monto vacio
  OK   el propietario del local se resuelve en la fila de oportunidad (mapa por local)
  OK   la vigencia de la captacion usa el formato legible del cable

== 11. Seguimiento: filtros, aliases, conteos y opciones ==
  OK   el filtro de proceso recorta items pero no counts
  OK   los aliases en ingles dan el mismo resultado que los cortos
  OK   los counts desglosan las cinco etapas del fixture
  OK   el filtro por distrito conserva las filas del fixture y recorta las demas
  OK   las options se calculan SIN filtros (siguen ofreciendo todo el alcance)
  OK   las options no incluyen el relleno "-"
  OK   las options traen Barranco y el propietario del fixture
  OK   el tamano de pagina tiene techo 8, no solo defecto
  OK   page gana a pagina y una pagina fuera de rango devuelve vacio
  OK   una pagina menor que 1 se normaliza a 1
  OK   el total del seguimiento crece con el fixture

== 12. Seguimiento: alcance por rol ==
  OK   el agente de otro equipo no ve ninguna fila del fixture
  OK   el broker supervisor ve las filas de su agente
  OK   el admin ve al menos lo que ve el broker

== 13. El cierre entra al donut y a los cierres ==
  OK   el broker aprueba la solicitud del fixture
  OK   POST /contratos formaliza el cierre VIGENTE con su snapshot
  OK   la cascada cerro solicitud (C), oportunidad (F) y captacion (C)
  OK   cierres del periodo sube 1
  OK   cierresCohorte sube 1 (la captacion nacio en la ventana)
  OK   la captacion pasa de "En evaluacion" a "Alquilada" sin duplicarse
  OK   el embudo cuenta la oportunidad F como cerrada exitosa
  OK   el desempeno del agente registra su cierre
  OK   el cierre aparece en el seguimiento con icono checkCircle y tono green
  OK   el cierre se arma desde su solicitud: codigo de oportunidad, monto y ruta
  OK   el estado del cierre es la descripcion del contrato
  OK   el cierre trae la fecha de cierre como ultimo hito
  OK   el agente de otro equipo no ve el cierre

== 14. Aislamiento de tenant ==
  OK   se crea el fixture E4 de una segunda organizacion
  OK   la captacion de otro tenant no altera los indicadores del ADMIN legado
  OK   el seguimiento del ADMIN legado no ve filas de otro tenant
  OK   el avance del ADMIN legado no ve propiedades de otro tenant
  OK   el distrito exclusivo del otro tenant no aparece en las options
  OK   el fixture de segunda organizacion se retira al terminar

== 15. Sin token no hay indicadores ==
  OK   GET /indicadores/resumen sin token responde 401
  OK   GET /dashboard sin token responde 401
  OK   GET /seguimiento-comercial sin token responde 401

== Limpieza del fixture E4 ==
  OK   el fixture E4 se retira por completo

===== 120 OK / 0 FALLAS =====
 Container controllocal-api-e2e-20260806073041-4321 Stopping 
 Container controllocal-api-e2e-20260806073041-4321 Stopped 
 Container controllocal-api-e2e-20260806073041-4321 Removing 
 Container controllocal-api-e2e-20260806073041-4321 Removed 
 Container controllocal-postgres-e2e-20260806073041-4321 Stopping 
 Container controllocal-postgres-e2e-20260806073041-4321 Stopped 
 Container controllocal-postgres-e2e-20260806073041-4321 Removing 
 Container controllocal-postgres-e2e-20260806073041-4321 Removed 
 Network controllocal-e2e-20260806073041-4321_default Removing 
 Network controllocal-e2e-20260806073041-4321_default Removed 
Base controllocal_e2e_20260806073041_4321 y su entorno eliminados en 2.0 s.
Entorno 20260806073041-4321 eliminado: sin contenedores, volumenes ni red residuales.

== Entorno E2E aislado 20260806073213-7962 ==
Base: controllocal_e2e_20260806073213_7962
 Network controllocal-e2e-20260806073213-7962_default Creating 
 Network controllocal-e2e-20260806073213-7962_default Created 
 Container controllocal-postgres-e2e-20260806073213-7962 Creating 
 Container controllocal-postgres-e2e-20260806073213-7962 Created 
 Container controllocal-api-e2e-20260806073213-7962 Creating 
 Container controllocal-api-e2e-20260806073213-7962 Created 
 Container controllocal-postgres-e2e-20260806073213-7962 Starting 
 Container controllocal-postgres-e2e-20260806073213-7962 Started 
 Container controllocal-postgres-e2e-20260806073213-7962 Waiting 
 Container controllocal-postgres-e2e-20260806073213-7962 Healthy 
 Container controllocal-api-e2e-20260806073213-7962 Starting 
 Container controllocal-api-e2e-20260806073213-7962 Started 
 Container controllocal-postgres-e2e-20260806073213-7962 Waiting 
 Container controllocal-api-e2e-20260806073213-7962 Waiting 
 Container controllocal-api-e2e-20260806073213-7962 Healthy 
 Container controllocal-postgres-e2e-20260806073213-7962 Healthy 

== Suite estabilizacion-alquiler / corrida 20260806073213-7962 ==

== 1. Contexto efimero y actores ==
  OK   la base lleva identificador exclusivo de corrida
  OK   login del agente
  OK   login del broker supervisor

== 2. Condicion economica explicita y moneda obligatoria ==
  OK   el backend rechaza una combinacion tipo/base invalida
  OK   la base de datos tambien rechaza la combinacion tipo/base invalida
  OK   el rechazo SQL conserva E/R/1.00 y su moneda

== 3. Cascada completa mediante POST /contratos ==
  OK   100 % genera exactamente una renta mensual
  OK   renta y comision conservan PEN
  OK   el contrato conserva el estado juridico Vigente
  OK   la cascada alquila el local y cierra captacion por alquiler, oportunidad, solicitud y publicacion

== 4. KPI, filtros y contratos sin liquidacion ==
  OK   tabla y resumen aplican exactamente los mismos filtros
  OK   el KPI suma la comision vigente por moneda
  OK   sin anomalÃ­a la comprobacion sin liquidacion es cero
  OK   Comision generada excluye liquidaciones anuladas
  OK   anular el cobro no cambia el estado juridico del contrato
  OK   un contrato sin liquidacion sigue en la tabla
  OK   el resumen detecta el contrato sin liquidacion
  OK   tabla y resumen siguen iguales tras la anomalÃ­a

== Resultado: 18 OK, 0 fallas ==
 Container controllocal-api-e2e-20260806073213-7962 Stopping 
 Container controllocal-api-e2e-20260806073213-7962 Stopped 
 Container controllocal-api-e2e-20260806073213-7962 Removing 
 Container controllocal-api-e2e-20260806073213-7962 Removed 
 Container controllocal-postgres-e2e-20260806073213-7962 Stopping 
 Container controllocal-postgres-e2e-20260806073213-7962 Stopped 
 Container controllocal-postgres-e2e-20260806073213-7962 Removing 
 Container controllocal-postgres-e2e-20260806073213-7962 Removed 
 Network controllocal-e2e-20260806073213-7962_default Removing 
 Network controllocal-e2e-20260806073213-7962_default Removed 
Base controllocal_e2e_20260806073213_7962 y su entorno eliminados en 2.4 s.
Entorno 20260806073213-7962 eliminado: sin contenedores, volumenes ni red residuales.

== Entorno E2E aislado 20260806073324-4227 ==
Base: controllocal_e2e_20260806073324_4227
 Network controllocal-e2e-20260806073324-4227_default Creating 
 Network controllocal-e2e-20260806073324-4227_default Created 
 Container controllocal-postgres-e2e-20260806073324-4227 Creating 
 Container controllocal-postgres-e2e-20260806073324-4227 Created 
 Container controllocal-api-e2e-20260806073324-4227 Creating 
 Container controllocal-api-e2e-20260806073324-4227 Created 
 Container controllocal-postgres-e2e-20260806073324-4227 Starting 
 Container controllocal-postgres-e2e-20260806073324-4227 Started 
 Container controllocal-postgres-e2e-20260806073324-4227 Waiting 
 Container controllocal-postgres-e2e-20260806073324-4227 Healthy 
 Container controllocal-api-e2e-20260806073324-4227 Starting 
 Container controllocal-api-e2e-20260806073324-4227 Started 
 Container controllocal-api-e2e-20260806073324-4227 Waiting 
 Container controllocal-postgres-e2e-20260806073324-4227 Waiting 
 Container controllocal-api-e2e-20260806073324-4227 Healthy 
 Container controllocal-postgres-e2e-20260806073324-4227 Healthy 

== Suite s0-sesiones / corrida 20260806073324-4227 ==

== 1. Login y token util ==
  OK   login del agente devuelve token
  OK   el token lleva iat (base de D-S0-12)
  OK   el token sigue SIN llevar la organizacion (contrato congelado)
  OK   con el token recien emitido, GET /clientes responde 200

== 2. Logout con efecto en servidor ==
  OK   POST /auth/logout responde 204
  OK   la credencial quedo sellada en la BD

== 3. El MISMO token ya no vale ==
  OK   el token anterior al logout responde 401
  OK   el mensaje es el congelado y no revela el motivo

== 4. Volver a entrar funciona ==
  OK   el token nuevo (emitido despues) SI vale
  OK   y el viejo sigue muerto

== 5. El logout no toca a otras cuentas ==
  OK   la sesion del broker sigue intacta

---------------------------------------------
  OK: 11    FALLAS: 0
 Container controllocal-api-e2e-20260806073324-4227 Stopping 
 Container controllocal-api-e2e-20260806073324-4227 Stopped 
 Container controllocal-api-e2e-20260806073324-4227 Removing 
 Container controllocal-api-e2e-20260806073324-4227 Removed 
 Container controllocal-postgres-e2e-20260806073324-4227 Stopping 
 Container controllocal-postgres-e2e-20260806073324-4227 Stopped 
 Container controllocal-postgres-e2e-20260806073324-4227 Removing 
 Container controllocal-postgres-e2e-20260806073324-4227 Removed 
 Network controllocal-e2e-20260806073324-4227_default Removing 
 Network controllocal-e2e-20260806073324-4227_default Removed 
Base controllocal_e2e_20260806073324_4227 y su entorno eliminados en 2.0 s.
Entorno 20260806073324-4227 eliminado: sin contenedores, volumenes ni red residuales.

== Entorno E2E aislado 20260806073432-1695 ==
Base: controllocal_e2e_20260806073432_1695
 Network controllocal-e2e-20260806073432-1695_default Creating 
 Network controllocal-e2e-20260806073432-1695_default Created 
 Container controllocal-postgres-e2e-20260806073432-1695 Creating 
 Container controllocal-postgres-e2e-20260806073432-1695 Created 
 Container controllocal-api-e2e-20260806073432-1695 Creating 
 Container controllocal-api-e2e-20260806073432-1695 Created 
 Container controllocal-postgres-e2e-20260806073432-1695 Starting 
 Container controllocal-postgres-e2e-20260806073432-1695 Started 
 Container controllocal-postgres-e2e-20260806073432-1695 Waiting 
 Container controllocal-postgres-e2e-20260806073432-1695 Healthy 
 Container controllocal-api-e2e-20260806073432-1695 Starting 
 Container controllocal-api-e2e-20260806073432-1695 Started 
 Container controllocal-postgres-e2e-20260806073432-1695 Waiting 
 Container controllocal-api-e2e-20260806073432-1695 Waiting 
 Container controllocal-api-e2e-20260806073432-1695 Healthy 
 Container controllocal-postgres-e2e-20260806073432-1695 Healthy 

== Suite s0-bloqueo / corrida 20260806073432-1695 ==

== 1. Umbral por CUENTA: lo que el limitador anterior no frenaba ==
  OK   intento 1 responde 401 (todavia no bloquea)
  OK   intento 2 responde 401 (todavia no bloquea)
  OK   intento 3 responde 401 (todavia no bloquea)
  OK   al cruzar el umbral responde 429
  OK   el cuerpo del 429 es el CONGELADO
  OK   y trae Retry-After con la espera real

== 2. Con la clave BUENA tambien rebota: el bloqueo va antes ==
  OK   la cuenta bloqueada rebota aunque la clave sea correcta

== 3. Un usuario INEXISTENTE se cuenta igual ==
  OK   un usuario que no existe tambien acaba en 429
  OK   con el MISMO cuerpo que una cuenta real

== 4. Otra cuenta sigue entrando: el bloqueo no es global ==
  OK   el broker entra sin problema

== 5. La tabla no guarda a quien se intento ==
  OK   intento_acceso NO guarda el usuario en claro
  OK   la clave va hasheada en SHA-256 (64 hex)
  OK   se cuenta en las DOS dimensiones

== 6. Auditoria de seguridad ==
  OK   quedan eventos LOGIN_FALLIDO
  OK   queda evento LOGIN_BLOQUEADO_429
  OK   queda evento LOGIN_OK del broker
  OK   el fallido anonimo se registra sin persona
  OK   la auditoria NO filtra contrasenas ni hashes
  OK   el motivo nombra la DIMENSION, no la cuenta

== 7. El logout deja su rastro ==
  OK   queda evento LOGOUT
  OK   y su SESIONES_INVALIDADAS aparte

---------------------------------------------
  OK: 21    FALLAS: 0
 Container controllocal-api-e2e-20260806073432-1695 Stopping 
 Container controllocal-api-e2e-20260806073432-1695 Stopped 
 Container controllocal-api-e2e-20260806073432-1695 Removing 
 Container controllocal-api-e2e-20260806073432-1695 Removed 
 Container controllocal-postgres-e2e-20260806073432-1695 Stopping 
 Container controllocal-postgres-e2e-20260806073432-1695 Stopped 
 Container controllocal-postgres-e2e-20260806073432-1695 Removing 
 Container controllocal-postgres-e2e-20260806073432-1695 Removed 
 Network controllocal-e2e-20260806073432-1695_default Removing 
 Network controllocal-e2e-20260806073432-1695_default Removed 
Base controllocal_e2e_20260806073432_1695 y su entorno eliminados en 2.1 s.
Entorno 20260806073432-1695 eliminado: sin contenedores, volumenes ni red residuales.

== Entorno E2E aislado 20260806073552-5106 ==
Base: controllocal_e2e_20260806073552_5106
 Network controllocal-e2e-20260806073552-5106_default Creating 
 Network controllocal-e2e-20260806073552-5106_default Created 
 Container controllocal-postgres-e2e-20260806073552-5106 Creating 
 Container controllocal-postgres-e2e-20260806073552-5106 Created 
 Container controllocal-api-e2e-20260806073552-5106 Creating 
 Container controllocal-api-e2e-20260806073552-5106 Created 
 Container controllocal-postgres-e2e-20260806073552-5106 Starting 
 Container controllocal-postgres-e2e-20260806073552-5106 Started 
 Container controllocal-postgres-e2e-20260806073552-5106 Waiting 
 Container controllocal-postgres-e2e-20260806073552-5106 Healthy 
 Container controllocal-api-e2e-20260806073552-5106 Starting 
 Container controllocal-api-e2e-20260806073552-5106 Started 
 Container controllocal-api-e2e-20260806073552-5106 Waiting 
 Container controllocal-postgres-e2e-20260806073552-5106 Waiting 
 Container controllocal-postgres-e2e-20260806073552-5106 Healthy 
 Container controllocal-api-e2e-20260806073552-5106 Healthy 

== Suite s0-contrasenas / corrida 20260806073552-5106 ==

== 1. El cambio exige la contrasena ACTUAL ==
  OK   login del agente con la clave del fixture
  OK   con la contrasena actual incorrecta responde 400
  OK   y lo dice sin ambiguedad

== 2. La politica: longitud si, teatro de simbolos no ==
  OK   rechaza por debajo del minimo
  OK   y el mensaje dice cuantos caracteres hacen falta
  OK   rechaza la que contiene el nombre de usuario
  OK   rechaza las de la lista de claves comunes
  OK   una frase larga en minusculas SI se acepta (204)

== 3. Cambiarla mata TODAS las sesiones, incluida la que llamo ==
  OK   el token anterior al cambio responde 401
  OK   la contrasena vieja ya no entra
  OK   la contrasena nueva SI entra
  OK   y su token sirve

== 4. No se puede volver a una contrasena reciente ==
  OK   un segundo cambio tambien entra (204)
  OK   rechaza reutilizar una de las ultimas
  OK   y lo dice nombrando el historial
  OK   el historial guarda el hash abandonado
  OK   el historial guarda HASHES, no contrasenas

== 5. La recuperacion no revela el padron de cuentas ==
  OK   un usuario inexistente responde 202
  OK   un usuario real responde 202 TAMBIEN
  OK   y un cuerpo vacio tambien: 202
  OK   solo la cuenta real genero token
  OK   un token inventado responde 400
  OK   con un mensaje que no dice cual de los cuatro motivos fue

== 6. Invitar es GOBIERNO: ni el agente ni el broker pueden ==
  OK   se resuelve la persona del agente
  OK   un AGENTE no puede invitar (403)
  OK   un BROKER tampoco, ni siquiera a su equipo (403)
  OK   el ADMIN si puede y recibe el token
  OK   con su caducidad
  OK   y avisando de que NO se entrego al titular

== 7. En la base vive el HASH, nunca el token ==
  OK   el token NO esta guardado en claro
  OK   se guarda su SHA-256 (64 hex)

== 8. Emitir otro mata el anterior ==
  OK   la invitacion anterior deja de valer
  OK   nunca hay dos tokens vivos para la misma credencial

== 9. El canje sirve UNA vez y lo define el titular ==
  OK   el canje responde 204
  OK   la contrasena que definio el titular entra
  OK   el MISMO token ya no sirve una segunda vez
  OK   y quedo sellado como usado

== 10. Alcance: otra organizacion es 404, no 403 ==
  OK   una persona que no es del tenant responde 404
  OK   el administrador no puede emitirse un token a si mismo

== 11. Contrasena temporal: la genera el SISTEMA y capa la sesion ==
  OK   el ADMIN obtiene una temporal
  OK   que trae el usuario al que pertenece
  OK   y avisa de que hay que cambiarla
  OK   sin caracteres que se confundan al dictarla
  OK   la credencial queda marcada en la BD
  OK   la temporal permite entrar
  OK   pero cualquier operacion responde 403
  OK   con un codigo que el SPA puede distinguir
  OK   GET /perfil SI pasa con la sesion capada
  OK   y el cambio de contrasena tambien (204)
  OK   cambiarla descapa la cuenta
  OK   y ya opera con normalidad

== 12. Auditoria: queda todo, y sin un solo secreto ==
  OK   queda evento PASSWORD_CAMBIADA
  OK   queda evento RECUPERACION_EMITIDA
  OK   queda evento INVITACION_EMITIDA
  OK   queda evento INVITACION_CANJEADA
  OK   queda evento PASSWORD_RESTABLECIDA
  OK   queda evento SESIONES_INVALIDADAS
  OK   la auditoria NO filtra el token ni la temporal
  OK   la invitacion registra a quien se le dio acceso

---------------------------------------------
  OK: 59    FALLAS: 0
 Container controllocal-api-e2e-20260806073552-5106 Stopping 
 Container controllocal-api-e2e-20260806073552-5106 Stopped 
 Container controllocal-api-e2e-20260806073552-5106 Removing 
 Container controllocal-api-e2e-20260806073552-5106 Removed 
 Container controllocal-postgres-e2e-20260806073552-5106 Stopping 
 Container controllocal-postgres-e2e-20260806073552-5106 Stopped 
 Container controllocal-postgres-e2e-20260806073552-5106 Removing 
 Container controllocal-postgres-e2e-20260806073552-5106 Removed 
 Network controllocal-e2e-20260806073552-5106_default Removing 
 Network controllocal-e2e-20260806073552-5106_default Removed 
Base controllocal_e2e_20260806073552_5106 y su entorno eliminados en 1.9 s.
Entorno 20260806073552-5106 eliminado: sin contenedores, volumenes ni red residuales.

== Entorno E2E aislado 20260806073742-6244 ==
Base: controllocal_e2e_20260806073742_6244
 Network controllocal-e2e-20260806073742-6244_default Creating 
 Network controllocal-e2e-20260806073742-6244_default Created 
 Container controllocal-postgres-e2e-20260806073742-6244 Creating 
 Container controllocal-postgres-e2e-20260806073742-6244 Created 
 Container controllocal-api-e2e-20260806073742-6244 Creating 
 Container controllocal-api-e2e-20260806073742-6244 Created 
 Container controllocal-postgres-e2e-20260806073742-6244 Starting 
 Container controllocal-postgres-e2e-20260806073742-6244 Started 
 Container controllocal-postgres-e2e-20260806073742-6244 Waiting 
 Container controllocal-postgres-e2e-20260806073742-6244 Healthy 
 Container controllocal-api-e2e-20260806073742-6244 Starting 
 Container controllocal-api-e2e-20260806073742-6244 Started 
 Container controllocal-postgres-e2e-20260806073742-6244 Waiting 
 Container controllocal-api-e2e-20260806073742-6244 Waiting 
 Container controllocal-api-e2e-20260806073742-6244 Healthy 
 Container controllocal-postgres-e2e-20260806073742-6244 Healthy 

== Suite s0-roles / corrida 20260806073742-6244 ==

== 1. El backfill reparo las bandas que V6 dejo mal ==
  OK   hay exactamente un TENANT_ADMIN sembrado
  OK   los brokers dejaron de contarse como agentes
  OK   no queda ninguna banda 'ADMIN' de V6
  OK   el administrador gano su persona_rol de gobierno
  OK   el administrador conserva su credencial (D-S0-10)

== 2. El token sigue congelado; la banda la resuelve el servidor ==
  OK   el login del admin SIGUE diciendo ADMIN (contrato congelado)
  OK   el token no lleva TENANT_ADMIN por ningun lado
  OK   el idDominio del admin es su rol de gobierno (R2)
  OK   GET /sesion dice TENANT_ADMIN
  OK   GET /sesion dice BROKER
  OK   GET /sesion dice AGENTE

== 3. Lo que el TENANT_ADMIN CONSERVA (supervision y lectura) ==
  OK   admin CONSERVA fila 1  GET /captaciones/pendientes
  OK   admin CONSERVA fila 2  GET /captaciones/reasignables
  OK   admin CONSERVA fila 3  GET /captaciones/propiedades-equipo
  OK   admin CONSERVA fila 4  GET /captaciones/propiedades-equipo/resumen
  OK   admin CONSERVA fila 8  GET /captaciones/reasignaciones
  OK   admin CONSERVA fila 11 GET /evaluaciones
  OK   admin CONSERVA fila 14 GET /agentes
  OK   admin CONSERVA fila 15 GET /agentes/resumen

== 4. Lo que el TENANT_ADMIN PIERDE (operacion comercial) ==
  OK   admin PIERDE fila 5  POST /captaciones/{id}/decision
  OK   admin PIERDE fila 7  POST /captaciones/{id}/cierre
  OK   admin PIERDE fila 9  PATCH documentos/{idDoc}/revisar
  OK   admin PIERDE fila 10 PATCH documentos/conformar
  OK   admin PIERDE fila 13 POST /evaluaciones
  OK   el 403 conserva el mensaje congelado

== 5. Lo que el BROKER PIERDE (gobierno de cuentas) ==
  OK   fila 17 el BROKER ya no da de alta agentes
  OK   fila 18 el BROKER ya no edita agentes
  OK   el BROKER tampoco invita (D-S0-18)
  OK   el BROKER no entra a /asignaciones/agentes
  OK   el BROKER no entra a /asignaciones/brokers
  OK   el BROKER no entra a /asignaciones/historial

== 5 bis. Lo que el BROKER CONSERVA (decidir y firmar) ==
  OK   el BROKER conserva su bandeja de revision
  OK   el BROKER conserva el listado de evaluaciones

== 6. El alta de agente cambio de dueno, no solo de gate ==
  OK   sin idBrokerSupervisor el alta se rechaza (400)
  OK   el TENANT_ADMIN si da de alta con supervisor explicito
  OK   el agente queda bajo el broker que viajo en la peticion
  OK   el alta crea tambien la membresia del nuevo usuario

== 7. La auditoria dejo de mentir (H-09) ==
  OK   el broker encuentra la captacion pendiente del seed
  OK   el BROKER aprueba y la captacion queda activa (fila 5)
  OK   ahora el admin la ve reasignable (fila 2)
  OK   el TENANT_ADMIN reasigna entre equipos (fila 6)
  OK   el gobierno audita como TENANT_ADMIN, no como BROKER (H-09)
  OK   la reasignacion de gobierno aparece en el historial

== 8. El invariante: una organizacion nunca sin gobierno ==
ERROR:  Una organizacion no puede quedarse sin administrador operativo (organizacion 1)
CONTEXT:  PL/pgSQL function exigir_administrador_operativo() line 53 at RAISE
  OK   degradar al unico administrador deja la organizacion con gobierno
  OK   y la transaccion ENTERA se deshace, no solo la degradacion
  OK   hay un broker distinto al que relevar
ERROR:  Una organizacion no puede quedarse sin administrador operativo (organizacion 1)
CONTEXT:  PL/pgSQL function exigir_administrador_operativo() line 53 at RAISE
  OK   el relevo hacia un sucesor SIN segundo factor se rechaza (D-S0-37)
  OK   con el sucesor YA operativo, el relevo se confirma

== Resumen ==
  OK: 48   FALLAS: 0
 Container controllocal-api-e2e-20260806073742-6244 Stopping 
 Container controllocal-api-e2e-20260806073742-6244 Stopped 
 Container controllocal-api-e2e-20260806073742-6244 Removing 
 Container controllocal-api-e2e-20260806073742-6244 Removed 
 Container controllocal-postgres-e2e-20260806073742-6244 Stopping 
 Container controllocal-postgres-e2e-20260806073742-6244 Stopped 
 Container controllocal-postgres-e2e-20260806073742-6244 Removing 
 Container controllocal-postgres-e2e-20260806073742-6244 Removed 
 Network controllocal-e2e-20260806073742-6244_default Removing 
 Network controllocal-e2e-20260806073742-6244_default Removed 
Base controllocal_e2e_20260806073742_6244 y su entorno eliminados en 2.1 s.
Entorno 20260806073742-6244 eliminado: sin contenedores, volumenes ni red residuales.

== Entorno E2E aislado 20260806073934-1350 ==
Base: controllocal_e2e_20260806073934_1350
 Network controllocal-e2e-20260806073934-1350_default Creating 
 Network controllocal-e2e-20260806073934-1350_default Created 
 Container controllocal-postgres-e2e-20260806073934-1350 Creating 
 Container controllocal-postgres-e2e-20260806073934-1350 Created 
 Container controllocal-api-e2e-20260806073934-1350 Creating 
 Container controllocal-api-e2e-20260806073934-1350 Created 
 Container controllocal-postgres-e2e-20260806073934-1350 Starting 
 Container controllocal-postgres-e2e-20260806073934-1350 Started 
 Container controllocal-postgres-e2e-20260806073934-1350 Waiting 
 Container controllocal-postgres-e2e-20260806073934-1350 Healthy 
 Container controllocal-api-e2e-20260806073934-1350 Starting 
 Container controllocal-api-e2e-20260806073934-1350 Started 
 Container controllocal-api-e2e-20260806073934-1350 Waiting 
 Container controllocal-postgres-e2e-20260806073934-1350 Waiting 
 Container controllocal-api-e2e-20260806073934-1350 Healthy 
 Container controllocal-postgres-e2e-20260806073934-1350 Healthy 

== Suite s0-mfa / corrida 20260806073934-1350 ==

== 0. Punto de partida: el administrador debe enrolar ==
  OK   V37 obliga a enrolar a los administradores
  OK   la organizacion AUN no exige MFA de gobierno (arranque seguro)
  OK   el administrador SI puede entrar con la sesion capada

== 1. La sesion capada solo alcanza lo imprescindible ==
  OK   GET /perfil pasa
  OK   GET /perfil/mfa pasa
  OK   administrar agentes NO pasa
  OK   administrar miembros NO pasa
  OK   clientes NO pasa
  OK   el logout SI pasa (no se encierra a nadie)

== 2. Enrolamiento ==
  OK   el enrolamiento devuelve secreto y otpauth
  OK   la URI declara SHA1/6/30 (interoperable)
  OK   sin confirmar, el factor NO esta activo
  OK   confirmar con codigo invalido no activa
  OK   confirmar devuelve 8 codigos de respaldo
  OK   los codigos llevan identificador + secreto
  OK   confirmar INVALIDA las sesiones vivas
  OK   la organizacion cruza a MFA de gobierno

== 3. El login pasa a dos pasos ==
  OK   con MFA activo, /auth/login responde 401
  OK   /auth/mfa/desafio responde 202 con desafio
  OK   el 202 NO trae token de sesion
  OK   verificar devuelve el LoginResponse congelado
  OK   la sesion ya NO esta capada
  OK   sin MFA el mismo endpoint responde 200 + sesion

== 4. Anti-replay ATOMICO (D-S0-31) ==
  OK   el mismo codigo entra UNA vez
  OK   y el REPLAY del mismo codigo falla
  OK   el paso consumido queda sellado

== 5. Solo paso actual y anterior; el futuro NO (D-S0-36) ==
  OK   el paso FUTURO (t+1) se rechaza
  OK   dos pasos atras (t-2) se rechaza
  OK   el paso anterior (t-1) SI vale: el cliente atrasado es el caso real

== 6. Limite por desafio y acumulado por cuenta (D-S0-32) ==
  OK   al sexto intento el desafio muere, aunque el codigo sea bueno
  OK   los fallos se acumulan POR CUENTA entre desafios distintos
  OK   con >=10 fallos acumulados se exige espera, aun con codigo bueno
  OK   y la espera NO es un bloqueo indefinido

== 7. Codigos de respaldo ==
  OK   un codigo de respaldo deja entrar
  OK   usar un codigo NO desactiva el MFA
  OK   y queda uno menos
  OK   el mismo codigo de respaldo NO vale dos veces
  OK   un identificador inventado falla (localiza CERO filas)

== 8. Regenerar y revocar exigen reautenticacion (D-S0-34) ==
  OK   regenerar SIN codigo se rechaza: la sesion abierta no basta
  OK   regenerar SIN contrasena se rechaza
  OK   regenerar devuelve 8 codigos nuevos
  OK   regenerar invalida TODOS los anteriores
  OK   regenerar NO invalida sesiones

== 9. Reglas de revocacion por rol ==
  OK   un AGENTE no revoca el factor de nadie
  OK   la elevacion se emite con contrasena + codigo
  OK   revocar SIN elevacion se rechaza
  OK   nadie se revoca a si mismo por esta via
  OK   el motivo es obligatorio
  OK   el TENANT_ADMIN SI revoca el factor de un companero
  OK   el afectado queda obligado a enrolar
  OK   el factor queda REVOCADO, no borrado
  OK   la elevacion NO vale dos veces

== 10. Invariante de administrador OPERATIVO (D-S0-37) ==
  OK   no se puede revocar el factor del UNICO administrador operativo
  OK   ni el propio titular puede, si es el ultimo operativo
  OK   y el factor del administrador sigue ACTIVO

== 11. token_acceso: el tipo es obligatorio (D-S0-23) ==
  OK   conviven desafios y elevaciones en la misma tabla
  OK   un DESAFIO_MFA no se canjea como recuperacion de contrasena
  OK   el unico parcial es por (credencial, tipo)

== 12. Higiene: ningun secreto en la auditoria ==
  OK   ningun evento lleva secretos ni codigos
  OK   se auditan los hechos de MFA

== Resumen ==
  OK: 60   FALLAS: 0
 Container controllocal-api-e2e-20260806073934-1350 Stopping 
 Container controllocal-api-e2e-20260806073934-1350 Stopped 
 Container controllocal-api-e2e-20260806073934-1350 Removing 
 Container controllocal-api-e2e-20260806073934-1350 Removed 
 Container controllocal-postgres-e2e-20260806073934-1350 Stopping 
 Container controllocal-postgres-e2e-20260806073934-1350 Stopped 
 Container controllocal-postgres-e2e-20260806073934-1350 Removing 
 Container controllocal-postgres-e2e-20260806073934-1350 Removed 
 Network controllocal-e2e-20260806073934-1350_default Removing 
 Network controllocal-e2e-20260806073934-1350_default Removed 
Base controllocal_e2e_20260806073934_1350 y su entorno eliminados en 1.7 s.
Entorno 20260806073934-1350 eliminado: sin contenedores, volumenes ni red residuales.
REGRESION V37 TERMINADA
